,Platform,,,,,,,,,,,,,,,,,,,,,,,,,,,,,,,,,,,,,,,,,,,,,,,,,,,,,,,,,,,,,
,Google Play,,,,,,,,,,,,,,,,,,,,,,,,,,,,,,,iOS,,,,,,,,,,,,,,,,,,,,,,,,,,,,,,
Day of Date,ActiveUsers,Revenue,Day 1,Day 10,Day 11,Day 12,Day 13,Day 14,Day 15,Day 16,Day 17,Day 18,Day 19,Day 2,Day 20,Day 21,Day 22,Day 23,Day 24,Day 25,Day 26,Day 27,Day 28,Day 29,Day 3,Day 4,Day 5,Day 6,Day 7,Day 8,Day 9,ActiveUsers,Revenue,Day 1,Day 10,Day 11,Day 12,Day 13,Day 14,Day 15,Day 16,Day 17,Day 18,Day 19,Day 2,Day 20,Day 21,Day 22,Day 23,Day 24,Day 25,Day 26,Day 27,Day 28,Day 29,Day 3,Day 4,Day 5,Day 6,Day 7,Day 8,Day 9
01-Apr-19,"3,312",233,48.44%,11.33%,9.56%,7.78%,8.89%,7.78%,8.00%,7.11%,6.00%,4.67%,5.11%,36.22%,5.33%,5.33%,5.56%,4.67%,4.67%,4.44%,4.22%,3.11%,4.00%,4.00%,28.67%,23.11%,18.89%,18.89%,16.00%,14.44%,12.44%,179,26,39.13%,4.35%,4.35%,0.00%,0.00%,8.70%,8.70%,8.70%,4.35%,4.35%,0.00%,30.43%,4.35%,4.35%,4.35%,0.00%,0.00%,0.00%,0.00%,0.00%,0.00%,0.00%,13.04%,13.04%,8.70%,13.04%,17.39%,13.04%,8.70%
02-Apr-19,"3,416",318,52.44%,13.56%,11.57%,10.67%,10.49%,10.85%,8.50%,9.58%,7.78%,8.32%,7.05%,38.88%,7.96%,6.87%,7.23%,6.51%,6.15%,5.42%,5.61%,5.79%,5.42%,4.70%,29.29%,26.22%,24.41%,20.43%,18.08%,17.00%,14.65%,176,15,29.17%,8.33%,8.33%,8.33%,8.33%,8.33%,8.33%,8.33%,8.33%,8.33%,8.33%,37.50%,8.33%,8.33%,8.33%,8.33%,8.33%,8.33%,8.33%,8.33%,8.33%,8.33%,29.17%,37.50%,29.17%,16.67%,20.83%,12.50%,12.50%
03-Apr-19,"3,483",279,49.72%,12.29%,11.92%,11.36%,10.80%,9.87%,8.01%,8.57%,7.82%,7.64%,8.75%,37.06%,6.15%,6.52%,6.70%,6.52%,5.40%,5.77%,6.15%,5.77%,5.21%,4.84%,27.56%,25.51%,21.60%,20.67%,17.69%,14.15%,13.04%,158,28,43.48%,21.74%,21.74%,21.74%,21.74%,21.74%,17.39%,21.74%,13.04%,17.39%,21.74%,39.13%,17.39%,17.39%,13.04%,17.39%,17.39%,8.70%,13.04%,13.04%,13.04%,13.04%,34.78%,26.09%,30.43%,21.74%,21.74%,21.74%,21.74%
04-Apr-19,"3,429",226,45.58%,14.62%,12.69%,11.54%,10.77%,11.54%,9.04%,8.27%,7.69%,6.73%,8.27%,33.85%,7.31%,8.08%,7.31%,6.92%,5.58%,5.00%,5.58%,4.81%,4.81%,5.00%,28.46%,25.19%,21.15%,20.19%,17.69%,16.35%,16.35%,182,0,50.00%,7.69%,3.85%,11.54%,7.69%,3.85%,11.54%,11.54%,11.54%,7.69%,15.38%,34.62%,7.69%,7.69%,7.69%,7.69%,3.85%,3.85%,7.69%,3.85%,3.85%,3.85%,30.77%,19.23%,15.38%,11.54%,15.38%,11.54%,11.54%
05-Apr-19,"3,314",303,46.84%,15.25%,12.42%,10.89%,10.24%,8.93%,8.06%,8.93%,7.41%,7.41%,6.97%,32.68%,6.32%,5.01%,5.23%,5.66%,5.88%,4.79%,5.23%,5.45%,4.14%,4.58%,24.62%,23.53%,18.52%,18.52%,15.47%,13.51%,16.12%,163,4,45.00%,10.00%,20.00%,10.00%,0.00%,10.00%,10.00%,10.00%,5.00%,5.00%,0.00%,35.00%,10.00%,15.00%,10.00%,5.00%,10.00%,5.00%,0.00%,10.00%,5.00%,5.00%,20.00%,30.00%,25.00%,20.00%,15.00%,5.00%,0.00%
06-Apr-19,"3,466",233,47.67%,12.13%,12.13%,10.96%,10.30%,8.64%,9.63%,8.14%,9.80%,8.64%,8.47%,32.06%,7.81%,7.48%,6.48%,6.48%,6.98%,6.15%,5.32%,5.81%,5.32%,5.48%,29.24%,25.42%,21.43%,18.60%,17.28%,15.61%,12.13%,187,3,41.18%,5.88%,5.88%,2.94%,5.88%,5.88%,5.88%,5.88%,5.88%,2.94%,2.94%,29.41%,5.88%,5.88%,5.88%,5.88%,5.88%,5.88%,2.94%,5.88%,0.00%,2.94%,17.65%,17.65%,14.71%,11.76%,8.82%,8.82%,5.88%
07-Apr-19,"3,630",244,44.41%,13.61%,13.13%,12.16%,13.29%,12.80%,10.86%,10.86%,9.72%,8.91%,8.43%,35.33%,7.94%,8.59%,7.29%,7.62%,6.97%,6.65%,5.51%,5.83%,6.65%,3.08%,29.66%,22.37%,22.04%,19.45%,19.29%,17.18%,16.05%,175,44,38.89%,5.56%,5.56%,11.11%,5.56%,0.00%,11.11%,5.56%,5.56%,5.56%,5.56%,16.67%,5.56%,5.56%,11.11%,5.56%,5.56%,5.56%,5.56%,0.00%,5.56%,0.00%,5.56%,5.56%,11.11%,16.67%,11.11%,16.67%,22.22%
08-Apr-19,"3,452",267,47.36%,13.01%,11.18%,11.18%,10.16%,10.98%,11.79%,8.33%,7.72%,7.93%,6.50%,35.37%,7.11%,7.11%,6.30%,5.89%,5.49%,5.49%,4.88%,5.69%,5.49%,4.67%,28.05%,22.15%,18.90%,17.68%,15.04%,14.23%,12.60%,177,4,41.67%,16.67%,12.50%,16.67%,12.50%,12.50%,8.33%,8.33%,12.50%,4.17%,4.17%,33.33%,8.33%,8.33%,8.33%,12.50%,4.17%,8.33%,8.33%,8.33%,8.33%,4.17%,20.83%,16.67%,16.67%,12.50%,12.50%,12.50%,12.50%
09-Apr-19,"3,433",142,46.82%,10.81%,10.81%,9.11%,9.75%,8.90%,9.75%,9.32%,8.47%,8.26%,8.69%,34.75%,7.42%,7.84%,5.30%,6.57%,8.05%,7.63%,6.14%,5.51%,5.08%,4.03%,28.81%,23.52%,19.70%,18.64%,14.83%,14.41%,12.08%,164,1,55.56%,27.78%,22.22%,16.67%,22.22%,11.11%,22.22%,16.67%,16.67%,11.11%,16.67%,33.33%,11.11%,22.22%,16.67%,16.67%,16.67%,22.22%,22.22%,11.11%,5.56%,16.67%,27.78%,38.89%,22.22%,27.78%,27.78%,27.78%,27.78%
10-Apr-19,"3,442",224,47.52%,14.04%,13.82%,12.10%,12.31%,10.58%,10.37%,12.10%,9.50%,8.42%,9.50%,32.61%,8.86%,7.78%,7.99%,7.99%,7.13%,8.21%,7.13%,6.48%,5.83%,6.05%,28.29%,25.49%,23.33%,19.65%,18.14%,16.85%,14.90%,159,0,50.00%,21.43%,14.29%,14.29%,14.29%,7.14%,14.29%,14.29%,14.29%,7.14%,14.29%,35.71%,7.14%,7.14%,7.14%,7.14%,0.00%,0.00%,7.14%,7.14%,7.14%,7.14%,21.43%,21.43%,28.57%,28.57%,28.57%,28.57%,28.57%
11-Apr-19,"3,430",180,51.18%,9.84%,11.02%,10.24%,10.43%,9.84%,9.45%,9.06%,8.27%,8.27%,8.27%,35.04%,7.48%,7.28%,7.09%,6.50%,6.30%,6.30%,5.12%,3.74%,4.53%,5.31%,29.53%,24.21%,20.87%,17.52%,17.91%,15.16%,13.19%,144,5,55.56%,5.56%,5.56%,5.56%,5.56%,5.56%,5.56%,0.00%,0.00%,0.00%,0.00%,33.33%,0.00%,0.00%,0.00%,0.00%,0.00%,0.00%,0.00%,0.00%,0.00%,0.00%,27.78%,11.11%,16.67%,11.11%,11.11%,11.11%,5.56%
12-Apr-19,"3,332",135,47.87%,13.19%,10.85%,10.85%,10.21%,10.00%,8.94%,8.51%,8.94%,8.30%,6.81%,32.98%,6.81%,7.02%,7.66%,6.60%,5.96%,7.23%,6.60%,5.53%,5.53%,6.38%,27.66%,24.04%,22.77%,19.36%,17.23%,14.04%,14.47%,159,20,29.41%,5.88%,5.88%,5.88%,5.88%,5.88%,5.88%,5.88%,5.88%,5.88%,11.76%,11.76%,5.88%,5.88%,11.76%,5.88%,5.88%,5.88%,5.88%,5.88%,11.76%,5.88%,5.88%,5.88%,11.76%,23.53%,17.65%,11.76%,5.88%
13-Apr-19,"3,505",258,47.62%,13.49%,12.54%,9.68%,10.79%,9.68%,10.63%,9.21%,9.05%,7.46%,7.46%,31.59%,8.25%,7.14%,6.67%,6.83%,6.83%,6.03%,5.08%,5.40%,5.71%,3.49%,24.60%,23.17%,18.10%,17.78%,16.67%,15.40%,13.17%,157,52,30.00%,10.00%,15.00%,15.00%,15.00%,15.00%,15.00%,5.00%,10.00%,5.00%,5.00%,15.00%,0.00%,0.00%,0.00%,0.00%,0.00%,0.00%,5.00%,10.00%,0.00%,0.00%,20.00%,15.00%,15.00%,20.00%,15.00%,0.00%,5.00%
14-Apr-19,"3,693",217,44.10%,11.96%,10.31%,9.87%,9.27%,8.07%,8.82%,7.47%,7.17%,7.47%,6.13%,31.84%,7.03%,5.83%,5.38%,4.78%,5.08%,5.23%,4.48%,4.48%,4.48%,5.08%,26.31%,24.66%,19.88%,17.34%,15.70%,13.45%,13.30%,157,29,42.31%,7.69%,3.85%,11.54%,7.69%,3.85%,3.85%,3.85%,3.85%,7.69%,3.85%,23.08%,3.85%,15.38%,3.85%,3.85%,3.85%,7.69%,3.85%,3.85%,3.85%,3.85%,11.54%,7.69%,11.54%,7.69%,7.69%,11.54%,7.69%
15-Apr-19,"3,568",207,51.01%,12.25%,11.74%,10.07%,10.07%,8.72%,8.05%,6.54%,6.88%,6.88%,6.88%,32.55%,6.54%,6.21%,6.21%,6.38%,4.70%,4.03%,4.19%,4.70%,4.36%,3.19%,26.01%,20.81%,20.30%,16.78%,16.61%,16.11%,14.09%,155,6,50.00%,35.71%,28.57%,21.43%,21.43%,14.29%,21.43%,14.29%,7.14%,14.29%,7.14%,71.43%,7.14%,7.14%,7.14%,7.14%,7.14%,7.14%,7.14%,7.14%,14.29%,14.29%,35.71%,35.71%,35.71%,28.57%,28.57%,21.43%,28.57%
16-Apr-19,"3,490",136,43.33%,10.00%,9.17%,8.96%,10.00%,8.33%,8.75%,8.96%,8.33%,7.50%,7.71%,32.08%,6.88%,6.67%,6.25%,6.88%,5.42%,6.25%,5.63%,6.04%,5.63%,5.63%,24.38%,21.67%,18.75%,16.46%,14.38%,14.38%,12.71%,162,23,58.82%,11.76%,17.65%,17.65%,17.65%,17.65%,11.76%,17.65%,11.76%,17.65%,17.65%,35.29%,11.76%,11.76%,17.65%,11.76%,11.76%,11.76%,11.76%,17.65%,11.76%,5.88%,17.65%,23.53%,5.88%,35.29%,5.88%,17.65%,11.76%
17-Apr-19,"3,473",151,47.06%,12.71%,13.09%,11.39%,11.57%,8.92%,9.30%,9.11%,8.54%,7.59%,7.40%,30.36%,8.73%,6.64%,7.21%,5.88%,5.31%,6.45%,6.45%,5.50%,5.50%,5.69%,25.43%,22.96%,20.11%,18.41%,17.27%,14.42%,14.04%,164,6,50.00%,21.43%,14.29%,14.29%,21.43%,21.43%,14.29%,21.43%,14.29%,21.43%,21.43%,50.00%,21.43%,21.43%,7.14%,21.43%,21.43%,21.43%,14.29%,21.43%,14.29%,14.29%,42.86%,42.86%,21.43%,14.29%,28.57%,14.29%,14.29%
18-Apr-19,"3,465",214,46.39%,10.31%,10.52%,9.28%,8.87%,8.04%,8.45%,7.22%,7.01%,6.60%,6.39%,32.37%,6.60%,6.60%,5.77%,5.98%,4.74%,3.92%,3.92%,4.95%,3.51%,3.71%,25.36%,22.27%,16.49%,15.67%,15.67%,11.96%,10.31%,148,0,53.85%,15.38%,23.08%,23.08%,15.38%,15.38%,15.38%,15.38%,15.38%,15.38%,15.38%,46.15%,15.38%,7.69%,7.69%,7.69%,7.69%,0.00%,7.69%,0.00%,15.38%,15.38%,38.46%,30.77%,30.77%,30.77%,30.77%,23.08%,23.08%
19-Apr-19,"3,255",177,46.04%,13.43%,13.91%,12.95%,12.47%,11.27%,10.55%,10.79%,8.15%,8.87%,7.19%,32.85%,7.19%,6.24%,4.32%,5.52%,4.56%,4.80%,4.08%,5.52%,5.04%,2.16%,30.70%,21.82%,21.34%,17.27%,17.75%,14.87%,13.67%,155,38,43.75%,18.75%,25.00%,18.75%,12.50%,12.50%,12.50%,6.25%,6.25%,6.25%,6.25%,31.25%,6.25%,6.25%,12.50%,6.25%,6.25%,6.25%,12.50%,6.25%,12.50%,6.25%,31.25%,25.00%,12.50%,18.75%,12.50%,12.50%,18.75%
20-Apr-19,"3,257",218,48.25%,11.84%,14.04%,11.84%,12.28%,9.65%,11.62%,9.65%,9.21%,8.55%,7.68%,34.87%,7.24%,7.46%,6.80%,5.92%,6.58%,5.70%,4.82%,4.61%,5.04%,5.48%,26.32%,22.59%,20.18%,18.20%,15.79%,15.79%,14.69%,143,8,54.55%,27.27%,18.18%,9.09%,18.18%,9.09%,0.00%,9.09%,27.27%,9.09%,18.18%,45.45%,0.00%,0.00%,18.18%,9.09%,9.09%,18.18%,18.18%,0.00%,18.18%,18.18%,27.27%,27.27%,27.27%,45.45%,27.27%,27.27%,18.18%
21-Apr-19,"3,182",140,46.51%,11.29%,12.90%,12.63%,11.02%,11.56%,8.60%,8.06%,6.72%,7.26%,6.18%,34.68%,7.26%,6.45%,6.45%,6.18%,6.45%,6.18%,7.80%,5.65%,7.53%,5.11%,25.00%,24.19%,22.04%,20.16%,18.28%,13.98%,14.78%,142,6,23.81%,14.29%,4.76%,4.76%,9.52%,9.52%,4.76%,9.52%,9.52%,9.52%,4.76%,9.52%,4.76%,4.76%,4.76%,4.76%,4.76%,9.52%,4.76%,4.76%,4.76%,4.76%,9.52%,14.29%,14.29%,9.52%,9.52%,9.52%,14.29%
22-Apr-19,"3,189",135,51.40%,13.99%,14.25%,12.98%,12.98%,13.23%,12.47%,10.94%,9.92%,8.65%,7.63%,35.11%,8.40%,8.14%,8.40%,8.65%,6.87%,7.12%,7.38%,7.12%,6.11%,6.62%,29.77%,23.66%,19.59%,23.66%,18.83%,16.28%,17.05%,146,10,38.46%,7.69%,7.69%,7.69%,15.38%,15.38%,7.69%,7.69%,7.69%,7.69%,7.69%,30.77%,7.69%,7.69%,7.69%,7.69%,7.69%,7.69%,0.00%,7.69%,7.69%,15.38%,23.08%,15.38%,23.08%,0.00%,15.38%,7.69%,7.69%
23-Apr-19,"3,248",123,49.04%,16.59%,12.74%,11.30%,12.50%,10.82%,10.82%,9.62%,9.13%,8.17%,7.69%,36.06%,7.21%,6.49%,6.97%,5.53%,6.01%,5.29%,5.29%,6.49%,5.77%,6.25%,27.40%,22.84%,20.91%,17.07%,18.75%,14.18%,15.63%,135,3,57.14%,0.00%,0.00%,0.00%,0.00%,0.00%,0.00%,0.00%,14.29%,0.00%,0.00%,28.57%,0.00%,0.00%,0.00%,0.00%,0.00%,0.00%,0.00%,0.00%,0.00%,0.00%,14.29%,14.29%,0.00%,0.00%,14.29%,0.00%,14.29%
24-Apr-19,"3,169",88,46.19%,14.96%,12.07%,11.29%,10.50%,11.02%,10.24%,10.50%,7.87%,9.71%,8.66%,33.60%,8.66%,9.19%,8.92%,7.61%,6.30%,6.82%,6.56%,7.09%,5.51%,4.20%,29.66%,27.30%,23.36%,19.69%,16.80%,18.11%,14.44%,137,10,45.45%,9.09%,0.00%,0.00%,9.09%,0.00%,0.00%,0.00%,0.00%,0.00%,0.00%,27.27%,0.00%,0.00%,0.00%,0.00%,9.09%,9.09%,0.00%,0.00%,9.09%,0.00%,18.18%,18.18%,18.18%,18.18%,18.18%,18.18%,9.09%
25-Apr-19,"3,013",81,46.80%,14.81%,14.14%,13.47%,12.12%,11.78%,11.78%,10.44%,6.73%,8.42%,8.08%,36.03%,8.08%,6.40%,7.74%,6.73%,8.42%,6.73%,6.73%,5.05%,5.72%,2.36%,27.61%,26.60%,19.19%,16.84%,16.50%,14.48%,14.48%,140,16,22.22%,11.11%,16.67%,16.67%,11.11%,16.67%,11.11%,11.11%,16.67%,11.11%,11.11%,16.67%,0.00%,11.11%,5.56%,5.56%,11.11%,5.56%,0.00%,5.56%,0.00%,0.00%,16.67%,11.11%,11.11%,5.56%,11.11%,16.67%,11.11%
26-Apr-19,"3,021",103,42.43%,9.73%,11.35%,9.73%,6.76%,9.19%,9.19%,8.38%,6.76%,7.57%,5.68%,31.62%,6.49%,5.68%,5.95%,5.95%,4.32%,5.41%,4.59%,5.41%,4.59%,3.24%,25.41%,20.00%,18.92%,14.59%,15.14%,13.24%,12.43%,125,36,42.86%,28.57%,14.29%,28.57%,0.00%,14.29%,0.00%,14.29%,0.00%,0.00%,0.00%,14.29%,14.29%,14.29%,14.29%,14.29%,0.00%,0.00%,0.00%,0.00%,0.00%,14.29%,42.86%,28.57%,28.57%,28.57%,28.57%,28.57%,14.29%
27-Apr-19,"2,937",139,46.05%,10.00%,10.00%,10.53%,10.79%,9.21%,7.11%,6.58%,7.89%,7.11%,6.32%,31.32%,6.58%,6.05%,6.05%,5.79%,5.26%,6.84%,4.74%,5.00%,4.74%,5.26%,27.11%,21.58%,19.47%,14.74%,15.00%,15.00%,11.58%,129,39,53.85%,15.38%,23.08%,15.38%,23.08%,15.38%,15.38%,15.38%,15.38%,0.00%,23.08%,38.46%,7.69%,15.38%,15.38%,7.69%,15.38%,15.38%,15.38%,23.08%,7.69%,15.38%,30.77%,38.46%,38.46%,30.77%,38.46%,23.08%,23.08%
28-Apr-19,"3,098",140,48.50%,11.97%,10.68%,9.62%,10.26%,11.97%,9.83%,9.19%,7.69%,8.76%,8.76%,39.10%,6.41%,8.12%,7.26%,6.41%,7.05%,7.05%,6.41%,5.77%,5.77%,7.05%,29.70%,25.21%,23.08%,18.59%,18.38%,15.17%,11.97%,134,49,45.00%,15.00%,15.00%,15.00%,15.00%,10.00%,10.00%,10.00%,15.00%,10.00%,10.00%,30.00%,10.00%,10.00%,10.00%,10.00%,10.00%,10.00%,10.00%,10.00%,5.00%,5.00%,20.00%,25.00%,25.00%,15.00%,20.00%,25.00%,20.00%
29-Apr-19,"3,034",106,52.00%,11.71%,10.86%,10.57%,8.57%,10.86%,8.86%,6.86%,7.14%,7.14%,6.86%,35.71%,6.86%,5.14%,6.00%,5.71%,6.86%,6.00%,4.29%,5.71%,5.43%,4.86%,30.57%,24.29%,20.86%,16.86%,18.86%,16.86%,15.71%,135,0,28.57%,0.00%,0.00%,0.00%,14.29%,0.00%,0.00%,0.00%,0.00%,0.00%,0.00%,28.57%,0.00%,14.29%,0.00%,0.00%,0.00%,0.00%,0.00%,0.00%,0.00%,0.00%,14.29%,14.29%,14.29%,14.29%,14.29%,14.29%,0.00%
30-Apr-19,"2,962",123,46.06%,9.39%,10.00%,10.00%,9.09%,9.09%,7.88%,6.36%,5.15%,6.97%,5.45%,33.33%,5.45%,4.24%,4.24%,4.24%,3.94%,5.15%,4.24%,4.24%,5.45%,4.24%,23.33%,20.30%,17.27%,16.36%,13.03%,11.52%,10.91%,145,7,33.33%,14.29%,23.81%,14.29%,14.29%,14.29%,19.05%,14.29%,14.29%,19.05%,14.29%,33.33%,9.52%,9.52%,14.29%,9.52%,9.52%,9.52%,0.00%,14.29%,4.76%,4.76%,28.57%,28.57%,33.33%,14.29%,14.29%,23.81%,14.29%
01-May-19,"2,895",190,44.60%,12.22%,10.51%,9.66%,9.66%,9.09%,8.24%,7.67%,8.52%,8.81%,7.95%,34.38%,7.39%,8.24%,5.11%,4.83%,5.40%,5.97%,4.83%,5.11%,5.97%,5.11%,28.13%,24.15%,22.16%,21.59%,17.61%,13.92%,12.78%,132,13,50.00%,0.00%,0.00%,8.33%,0.00%,0.00%,0.00%,8.33%,8.33%,0.00%,0.00%,33.33%,0.00%,0.00%,0.00%,0.00%,8.33%,0.00%,0.00%,0.00%,0.00%,0.00%,33.33%,16.67%,16.67%,8.33%,16.67%,0.00%,0.00%
02-May-19,"2,989",161,48.53%,11.52%,10.78%,8.58%,7.84%,8.33%,7.84%,5.64%,5.64%,5.39%,5.15%,33.82%,4.66%,4.66%,4.17%,4.41%,3.92%,3.68%,3.68%,3.68%,3.92%,3.68%,26.23%,25.25%,17.89%,15.44%,15.69%,13.24%,10.54%,135,12,28.57%,28.57%,14.29%,14.29%,14.29%,14.29%,14.29%,0.00%,14.29%,0.00%,0.00%,14.29%,0.00%,0.00%,0.00%,0.00%,0.00%,0.00%,0.00%,0.00%,0.00%,0.00%,14.29%,28.57%,14.29%,28.57%,14.29%,0.00%,28.57%
03-May-19,"3,397",168,39.90%,7.79%,7.18%,6.45%,5.84%,6.08%,5.35%,5.23%,5.72%,5.35%,3.65%,24.45%,4.14%,3.77%,4.01%,4.01%,3.77%,3.04%,2.80%,2.92%,2.55%,2.68%,18.37%,16.30%,13.14%,11.80%,10.95%,10.83%,8.15%,140,7,18.75%,6.25%,0.00%,6.25%,0.00%,0.00%,0.00%,0.00%,0.00%,0.00%,0.00%,18.75%,0.00%,0.00%,0.00%,0.00%,0.00%,0.00%,0.00%,0.00%,0.00%,0.00%,12.50%,12.50%,6.25%,6.25%,0.00%,6.25%,12.50%
04-May-19,"3,448",185,40.83%,7.66%,7.29%,6.78%,6.91%,6.28%,6.41%,6.41%,5.28%,4.90%,4.02%,25.75%,4.27%,4.02%,3.64%,3.52%,3.52%,3.39%,3.52%,3.27%,2.76%,3.02%,19.22%,16.96%,15.58%,12.56%,11.81%,11.31%,9.05%,126,4,26.67%,13.33%,13.33%,6.67%,6.67%,13.33%,13.33%,0.00%,0.00%,0.00%,6.67%,13.33%,6.67%,6.67%,6.67%,6.67%,6.67%,0.00%,0.00%,6.67%,0.00%,6.67%,26.67%,26.67%,6.67%,26.67%,13.33%,20.00%,0.00%
05-May-19,"3,611",134,44.50%,10.61%,9.96%,9.44%,9.31%,8.41%,8.41%,6.99%,7.24%,6.99%,6.21%,28.59%,5.30%,6.21%,5.82%,5.05%,4.79%,5.43%,4.27%,3.36%,4.53%,4.40%,23.03%,19.92%,16.69%,14.62%,13.58%,13.32%,11.13%,136,18,63.16%,21.05%,21.05%,10.53%,15.79%,31.58%,21.05%,21.05%,15.79%,15.79%,26.32%,42.11%,10.53%,21.05%,15.79%,21.05%,15.79%,10.53%,5.26%,10.53%,10.53%,10.53%,31.58%,36.84%,21.05%,31.58%,26.32%,26.32%,15.79%
06-May-19,"3,426",133,37.58%,9.23%,6.21%,5.37%,6.21%,6.04%,4.36%,5.03%,4.53%,3.86%,3.86%,27.85%,3.86%,3.86%,3.19%,3.19%,2.52%,3.52%,2.85%,2.85%,2.01%,2.85%,22.15%,17.62%,14.77%,15.60%,11.74%,10.23%,10.23%,139,12,40.00%,20.00%,10.00%,10.00%,0.00%,0.00%,0.00%,0.00%,10.00%,0.00%,10.00%,40.00%,10.00%,0.00%,10.00%,0.00%,10.00%,0.00%,10.00%,10.00%,0.00%,0.00%,30.00%,10.00%,20.00%,20.00%,20.00%,20.00%,10.00%
07-May-19,"3,201",163,42.76%,8.97%,8.51%,9.89%,7.82%,6.67%,5.75%,6.67%,6.21%,6.21%,5.29%,28.28%,5.52%,4.37%,4.83%,4.14%,4.14%,2.76%,4.14%,3.45%,3.45%,3.45%,22.30%,15.86%,15.17%,13.10%,11.26%,12.41%,10.11%,139,19,45.45%,0.00%,0.00%,0.00%,0.00%,0.00%,9.09%,0.00%,0.00%,0.00%,9.09%,9.09%,0.00%,9.09%,0.00%,0.00%,9.09%,0.00%,0.00%,0.00%,0.00%,9.09%,0.00%,9.09%,0.00%,9.09%,0.00%,0.00%,0.00%
08-May-19,"3,215",148,44.84%,12.00%,10.11%,10.53%,10.95%,10.11%,9.26%,8.84%,7.16%,7.16%,6.95%,31.16%,8.21%,6.53%,5.89%,5.89%,4.84%,6.11%,4.84%,4.42%,4.42%,3.79%,25.68%,21.47%,19.16%,18.53%,16.00%,11.79%,11.79%,133,5,66.67%,25.00%,25.00%,33.33%,33.33%,16.67%,25.00%,25.00%,16.67%,33.33%,25.00%,58.33%,16.67%,16.67%,16.67%,16.67%,16.67%,16.67%,25.00%,25.00%,16.67%,16.67%,41.67%,41.67%,41.67%,33.33%,33.33%,41.67%,33.33%
09-May-19,"2,986",127,43.93%,9.97%,6.85%,5.61%,6.54%,6.54%,6.54%,5.92%,6.85%,5.92%,4.98%,28.97%,4.36%,3.12%,4.36%,3.74%,3.74%,3.12%,3.74%,4.05%,3.74%,3.12%,23.68%,20.87%,17.45%,14.33%,10.90%,9.97%,6.85%,120,3,33.33%,0.00%,0.00%,0.00%,0.00%,0.00%,11.11%,11.11%,11.11%,0.00%,0.00%,11.11%,0.00%,0.00%,11.11%,0.00%,11.11%,0.00%,0.00%,0.00%,0.00%,11.11%,44.44%,11.11%,22.22%,11.11%,11.11%,0.00%,0.00%
10-May-19,"2,915",132,45.79%,12.11%,10.53%,10.53%,10.26%,9.47%,7.11%,8.42%,6.32%,6.84%,6.58%,31.05%,6.58%,5.53%,5.00%,6.32%,5.00%,4.21%,4.74%,5.00%,4.21%,3.68%,28.42%,27.63%,22.37%,18.95%,15.79%,14.47%,13.68%,118,10,37.50%,12.50%,12.50%,12.50%,12.50%,12.50%,12.50%,12.50%,12.50%,12.50%,12.50%,12.50%,12.50%,12.50%,12.50%,12.50%,0.00%,12.50%,12.50%,12.50%,12.50%,12.50%,12.50%,12.50%,12.50%,12.50%,12.50%,12.50%,12.50%
11-May-19,"2,899",109,36.96%,10.63%,9.66%,9.42%,7.49%,7.97%,8.94%,7.97%,6.52%,4.59%,6.04%,25.36%,6.04%,5.31%,6.28%,3.86%,5.07%,3.14%,3.86%,2.66%,3.86%,3.38%,20.53%,17.39%,14.73%,13.29%,14.25%,14.01%,12.56%,123,3,41.67%,8.33%,0.00%,0.00%,0.00%,0.00%,0.00%,0.00%,0.00%,0.00%,0.00%,25.00%,0.00%,0.00%,0.00%,0.00%,0.00%,0.00%,0.00%,0.00%,0.00%,0.00%,16.67%,8.33%,16.67%,16.67%,8.33%,8.33%,8.33%
12-May-19,"2,921",120,46.37%,11.66%,11.14%,12.18%,11.92%,11.66%,9.33%,10.10%,9.59%,9.59%,8.29%,33.68%,8.81%,7.77%,7.77%,6.74%,7.51%,7.25%,6.74%,5.96%,6.22%,6.22%,29.79%,23.06%,22.80%,18.91%,16.58%,14.25%,11.40%,133,1,33.33%,0.00%,0.00%,0.00%,0.00%,0.00%,0.00%,0.00%,0.00%,0.00%,0.00%,25.00%,0.00%,8.33%,8.33%,0.00%,0.00%,8.33%,0.00%,8.33%,0.00%,0.00%,8.33%,0.00%,0.00%,8.33%,8.33%,0.00%,0.00%
13-May-19,"2,834",49,44.95%,15.29%,12.23%,9.79%,11.01%,11.62%,11.01%,8.56%,9.48%,9.17%,6.73%,30.28%,6.73%,6.12%,7.03%,6.42%,6.42%,5.50%,7.03%,5.50%,5.50%,5.50%,25.99%,22.32%,16.82%,17.13%,17.13%,15.90%,13.15%,124,38,18.75%,12.50%,6.25%,6.25%,12.50%,6.25%,0.00%,0.00%,6.25%,6.25%,6.25%,12.50%,6.25%,6.25%,0.00%,0.00%,6.25%,0.00%,0.00%,0.00%,6.25%,6.25%,18.75%,18.75%,12.50%,12.50%,12.50%,6.25%,6.25%
14-May-19,"2,760",60,47.81%,13.47%,13.47%,13.47%,10.77%,11.78%,11.45%,11.11%,9.43%,7.41%,8.08%,37.04%,8.75%,9.09%,6.73%,7.74%,7.74%,6.40%,6.40%,8.42%,6.40%,5.05%,25.25%,22.90%,19.53%,17.51%,18.86%,16.84%,13.80%,120,8,60.00%,20.00%,10.00%,10.00%,20.00%,10.00%,0.00%,0.00%,0.00%,0.00%,0.00%,20.00%,0.00%,0.00%,0.00%,0.00%,0.00%,0.00%,0.00%,0.00%,0.00%,0.00%,20.00%,30.00%,30.00%,30.00%,10.00%,10.00%,10.00%
15-May-19,"2,839",119,46.29%,11.51%,12.53%,9.46%,9.46%,8.44%,8.95%,8.95%,6.39%,7.67%,6.91%,30.43%,5.88%,5.88%,6.39%,5.37%,5.12%,4.60%,4.09%,6.39%,4.35%,4.60%,24.81%,21.48%,20.20%,18.16%,17.14%,14.58%,10.74%,118,19,66.67%,22.22%,22.22%,22.22%,22.22%,22.22%,22.22%,22.22%,22.22%,22.22%,22.22%,55.56%,22.22%,22.22%,22.22%,22.22%,22.22%,11.11%,22.22%,22.22%,22.22%,22.22%,33.33%,33.33%,22.22%,11.11%,11.11%,22.22%,11.11%
16-May-19,"2,728",136,45.36%,13.91%,15.56%,13.91%,12.58%,9.27%,8.94%,9.93%,11.26%,9.27%,9.60%,32.78%,8.61%,8.61%,7.28%,6.62%,7.95%,6.29%,5.96%,6.62%,7.28%,5.30%,30.13%,29.47%,22.85%,21.85%,18.21%,16.56%,14.57%,125,5,45.45%,9.09%,9.09%,0.00%,0.00%,9.09%,0.00%,0.00%,0.00%,9.09%,0.00%,27.27%,0.00%,0.00%,0.00%,0.00%,0.00%,9.09%,0.00%,0.00%,18.18%,18.18%,18.18%,27.27%,27.27%,9.09%,9.09%,0.00%,9.09%
17-May-19,"2,661",103,51.43%,12.86%,12.50%,11.79%,10.71%,7.14%,10.00%,8.57%,11.07%,8.57%,8.57%,35.00%,9.29%,7.86%,6.79%,7.86%,7.86%,6.43%,7.50%,5.71%,3.57%,4.29%,28.57%,26.07%,21.07%,20.00%,17.50%,17.14%,15.36%,113,20,30.77%,0.00%,0.00%,0.00%,0.00%,0.00%,0.00%,0.00%,0.00%,0.00%,0.00%,7.69%,0.00%,0.00%,0.00%,0.00%,0.00%,0.00%,0.00%,0.00%,0.00%,0.00%,0.00%,0.00%,7.69%,0.00%,0.00%,0.00%,0.00%
18-May-19,"2,677",94,47.80%,10.08%,7.75%,8.53%,8.53%,7.24%,5.68%,7.24%,4.65%,4.13%,3.88%,32.56%,6.20%,5.43%,5.43%,4.65%,4.13%,5.17%,4.65%,3.36%,4.13%,3.10%,26.87%,22.74%,17.05%,16.80%,14.21%,12.92%,13.95%,113,0,33.33%,22.22%,22.22%,22.22%,22.22%,22.22%,22.22%,22.22%,11.11%,11.11%,11.11%,22.22%,11.11%,11.11%,11.11%,11.11%,11.11%,11.11%,11.11%,11.11%,11.11%,11.11%,22.22%,33.33%,22.22%,22.22%,22.22%,22.22%,22.22%
19-May-19,"2,904",143,52.10%,13.79%,12.85%,13.79%,13.08%,11.45%,12.62%,10.28%,9.81%,9.11%,9.58%,35.98%,10.75%,9.58%,8.64%,8.88%,7.94%,7.48%,7.48%,6.54%,6.78%,7.24%,28.50%,25.70%,21.96%,21.26%,18.69%,16.82%,15.89%,112,1,30.00%,10.00%,10.00%,20.00%,10.00%,20.00%,10.00%,20.00%,10.00%,10.00%,10.00%,10.00%,10.00%,10.00%,10.00%,10.00%,10.00%,10.00%,10.00%,10.00%,10.00%,10.00%,10.00%,10.00%,10.00%,10.00%,10.00%,10.00%,10.00%
20-May-19,"2,806",130,44.81%,10.71%,8.44%,7.79%,7.47%,8.77%,7.79%,7.79%,7.14%,6.49%,5.52%,29.87%,5.84%,6.49%,4.87%,6.17%,4.87%,4.22%,4.87%,3.25%,2.92%,2.27%,26.30%,21.43%,17.21%,17.53%,13.31%,14.29%,10.71%,111,7,40.00%,10.00%,10.00%,10.00%,10.00%,20.00%,10.00%,20.00%,10.00%,10.00%,10.00%,20.00%,10.00%,10.00%,10.00%,10.00%,10.00%,10.00%,10.00%,10.00%,0.00%,10.00%,10.00%,20.00%,20.00%,20.00%,0.00%,10.00%,10.00%
21-May-19,"2,727",97,47.48%,14.47%,11.01%,11.95%,10.38%,11.32%,8.18%,9.75%,9.43%,9.12%,8.18%,33.65%,7.86%,7.86%,7.86%,6.29%,5.97%,6.92%,5.97%,5.97%,6.92%,5.03%,25.47%,23.27%,19.50%,19.50%,16.98%,16.67%,16.67%,93,0,12.50%,0.00%,12.50%,12.50%,0.00%,0.00%,0.00%,0.00%,0.00%,0.00%,0.00%,12.50%,0.00%,0.00%,0.00%,0.00%,0.00%,0.00%,0.00%,0.00%,0.00%,0.00%,25.00%,12.50%,25.00%,0.00%,12.50%,12.50%,12.50%
22-May-19,"2,662",127,46.54%,11.95%,10.38%,12.89%,11.32%,9.12%,10.06%,8.81%,9.75%,8.49%,9.12%,33.02%,7.86%,7.55%,6.92%,7.55%,6.29%,6.29%,6.92%,5.66%,5.03%,5.66%,23.90%,24.84%,22.33%,18.55%,16.35%,15.72%,12.89%,102,5,66.67%,16.67%,16.67%,16.67%,33.33%,16.67%,16.67%,16.67%,16.67%,16.67%,0.00%,16.67%,16.67%,16.67%,16.67%,0.00%,16.67%,16.67%,0.00%,16.67%,0.00%,0.00%,16.67%,16.67%,33.33%,16.67%,33.33%,16.67%,16.67%
23-May-19,"2,677",134,50.00%,9.03%,9.68%,7.74%,5.48%,6.13%,7.10%,5.16%,4.84%,5.81%,5.81%,32.26%,2.90%,4.19%,3.87%,4.19%,3.87%,4.52%,4.52%,2.90%,4.19%,2.90%,23.23%,20.97%,17.42%,13.87%,14.19%,9.68%,11.29%,102,0,50.00%,12.50%,12.50%,25.00%,12.50%,0.00%,0.00%,0.00%,0.00%,0.00%,0.00%,12.50%,0.00%,0.00%,0.00%,0.00%,0.00%,0.00%,0.00%,0.00%,0.00%,0.00%,25.00%,12.50%,25.00%,25.00%,12.50%,12.50%,12.50%
24-May-19,"2,593",89,43.51%,11.04%,10.39%,9.09%,9.74%,7.14%,8.44%,7.47%,6.17%,6.82%,6.82%,29.87%,5.19%,4.22%,4.22%,3.25%,3.90%,3.90%,2.92%,3.57%,3.25%,2.60%,25.32%,19.81%,17.21%,15.58%,13.64%,11.69%,11.69%,106,13,30.77%,7.69%,7.69%,7.69%,7.69%,7.69%,0.00%,7.69%,7.69%,0.00%,0.00%,38.46%,0.00%,0.00%,7.69%,0.00%,0.00%,0.00%,7.69%,7.69%,7.69%,0.00%,30.77%,23.08%,7.69%,7.69%,23.08%,7.69%,15.38%
25-May-19,"2,483",135,42.96%,11.55%,10.47%,11.19%,10.47%,8.30%,7.94%,9.03%,9.03%,8.30%,7.22%,32.85%,6.14%,7.22%,6.14%,6.50%,5.78%,6.14%,5.05%,5.42%,3.97%,4.33%,26.71%,21.66%,20.22%,18.05%,16.61%,15.88%,10.47%,107,1,77.78%,22.22%,22.22%,33.33%,22.22%,22.22%,0.00%,22.22%,11.11%,33.33%,22.22%,66.67%,11.11%,22.22%,11.11%,22.22%,22.22%,22.22%,22.22%,22.22%,22.22%,11.11%,44.44%,44.44%,44.44%,55.56%,33.33%,22.22%,33.33%
26-May-19,"2,644",97,45.15%,14.96%,13.02%,11.08%,11.91%,11.91%,11.08%,9.42%,10.80%,9.42%,9.42%,31.86%,7.48%,8.86%,7.20%,8.31%,7.20%,5.82%,5.26%,6.09%,5.26%,6.09%,24.93%,22.99%,19.39%,17.17%,15.24%,15.79%,13.85%,127,3,40.00%,13.33%,20.00%,6.67%,13.33%,20.00%,20.00%,13.33%,0.00%,13.33%,0.00%,33.33%,6.67%,13.33%,13.33%,6.67%,6.67%,20.00%,6.67%,6.67%,13.33%,13.33%,33.33%,26.67%,33.33%,33.33%,20.00%,33.33%,20.00%
27-May-19,"2,687",168,49.33%,8.89%,10.24%,7.28%,9.70%,9.43%,7.82%,7.82%,7.01%,6.74%,6.47%,32.35%,5.39%,5.93%,5.93%,4.58%,4.04%,5.39%,4.85%,6.47%,4.04%,3.23%,24.80%,19.14%,13.75%,16.17%,16.17%,14.82%,12.13%,114,8,33.33%,0.00%,0.00%,0.00%,0.00%,8.33%,8.33%,0.00%,0.00%,16.67%,8.33%,33.33%,8.33%,8.33%,8.33%,8.33%,8.33%,8.33%,0.00%,0.00%,0.00%,0.00%,16.67%,25.00%,25.00%,8.33%,0.00%,16.67%,0.00%
28-May-19,"2,699",96,45.35%,9.86%,9.01%,7.89%,10.42%,8.17%,8.17%,6.76%,7.89%,7.32%,5.63%,30.70%,5.63%,6.48%,4.79%,5.92%,5.07%,7.04%,6.20%,5.92%,4.79%,3.38%,22.82%,18.59%,19.15%,16.90%,16.34%,13.24%,10.14%,118,8,33.33%,0.00%,0.00%,0.00%,0.00%,0.00%,0.00%,0.00%,0.00%,0.00%,0.00%,11.11%,0.00%,0.00%,11.11%,0.00%,0.00%,0.00%,0.00%,0.00%,0.00%,0.00%,11.11%,11.11%,11.11%,0.00%,11.11%,0.00%,0.00%
29-May-19,"2,579",95,47.14%,12.00%,10.29%,11.14%,10.00%,9.71%,8.29%,6.86%,7.71%,6.57%,6.57%,28.29%,5.71%,6.00%,4.86%,5.14%,4.57%,3.43%,4.00%,3.71%,3.71%,3.71%,22.57%,20.29%,17.71%,17.71%,12.57%,16.57%,14.00%,115,23,60.00%,26.67%,13.33%,13.33%,0.00%,6.67%,6.67%,6.67%,13.33%,13.33%,6.67%,46.67%,6.67%,6.67%,6.67%,0.00%,0.00%,0.00%,13.33%,6.67%,6.67%,0.00%,33.33%,33.33%,20.00%,33.33%,26.67%,33.33%,13.33%
30-May-19,"2,593",164,47.15%,10.13%,9.49%,8.54%,6.65%,8.54%,6.96%,8.23%,5.06%,5.70%,6.96%,28.48%,6.01%,6.65%,5.06%,3.48%,4.43%,5.38%,3.16%,2.85%,3.80%,4.43%,26.27%,22.47%,19.94%,16.46%,12.97%,11.39%,10.44%,106,10,80.00%,20.00%,40.00%,40.00%,20.00%,20.00%,20.00%,20.00%,20.00%,20.00%,20.00%,60.00%,20.00%,20.00%,20.00%,20.00%,20.00%,20.00%,20.00%,20.00%,20.00%,20.00%,40.00%,40.00%,40.00%,40.00%,40.00%,20.00%,20.00%
31-May-19,"2,433",101,40.29%,10.79%,10.79%,9.71%,10.07%,7.91%,7.91%,8.27%,6.83%,6.83%,5.76%,29.86%,6.83%,6.83%,5.40%,6.83%,5.76%,4.68%,6.47%,5.40%,5.40%,3.60%,22.30%,18.71%,15.47%,15.83%,13.31%,11.15%,9.35%,109,3,45.45%,9.09%,18.18%,9.09%,0.00%,0.00%,0.00%,9.09%,0.00%,0.00%,0.00%,27.27%,9.09%,9.09%,9.09%,9.09%,0.00%,9.09%,0.00%,0.00%,9.09%,0.00%,9.09%,0.00%,0.00%,0.00%,0.00%,9.09%,18.18%
01-Jun-19,"2,319",124,48.42%,11.23%,12.28%,11.23%,11.93%,9.82%,9.47%,7.72%,8.77%,7.72%,5.61%,31.93%,7.37%,8.77%,7.37%,5.26%,7.02%,6.32%,7.02%,7.37%,7.72%,6.32%,24.56%,20.00%,16.49%,18.25%,14.39%,11.93%,11.93%,112,0,25.00%,8.33%,0.00%,8.33%,0.00%,0.00%,0.00%,0.00%,0.00%,0.00%,0.00%,8.33%,0.00%,0.00%,8.33%,0.00%,0.00%,0.00%,0.00%,0.00%,0.00%,0.00%,8.33%,8.33%,8.33%,8.33%,8.33%,8.33%,0.00%
02-Jun-19,"2,560",83,52.23%,14.84%,10.98%,10.98%,11.87%,12.17%,15.13%,10.39%,10.68%,10.39%,9.79%,37.09%,6.23%,7.12%,7.42%,5.93%,6.53%,5.34%,5.34%,4.45%,5.04%,2.67%,31.16%,27.00%,22.85%,22.26%,18.69%,15.73%,15.73%,116,0,45.45%,9.09%,18.18%,18.18%,18.18%,9.09%,9.09%,9.09%,9.09%,9.09%,9.09%,36.36%,9.09%,0.00%,0.00%,0.00%,0.00%,0.00%,0.00%,0.00%,0.00%,0.00%,45.45%,18.18%,18.18%,0.00%,27.27%,27.27%,18.18%
03-Jun-19,"2,443",119,46.01%,10.27%,8.75%,9.89%,6.84%,6.84%,6.84%,6.46%,5.70%,4.94%,4.56%,31.56%,4.18%,4.18%,3.42%,3.42%,2.66%,1.90%,3.04%,3.80%,3.42%,2.66%,27.76%,22.81%,17.49%,16.35%,15.97%,12.17%,9.51%,106,29,12.50%,0.00%,0.00%,0.00%,0.00%,0.00%,0.00%,0.00%,0.00%,0.00%,0.00%,12.50%,0.00%,0.00%,0.00%,0.00%,0.00%,0.00%,0.00%,0.00%,0.00%,0.00%,25.00%,0.00%,0.00%,0.00%,0.00%,12.50%,0.00%
04-Jun-19,"2,387",105,49.58%,11.44%,13.56%,10.17%,11.86%,10.59%,9.32%,10.17%,9.75%,10.17%,8.47%,36.44%,10.59%,7.20%,9.32%,9.32%,5.51%,6.36%,5.93%,5.93%,5.93%,5.51%,28.39%,25.00%,24.15%,21.61%,21.61%,19.07%,15.68%,113,0,58.33%,0.00%,0.00%,8.33%,8.33%,8.33%,8.33%,8.33%,8.33%,8.33%,16.67%,50.00%,16.67%,16.67%,16.67%,16.67%,16.67%,8.33%,16.67%,16.67%,8.33%,16.67%,33.33%,33.33%,25.00%,33.33%,25.00%,16.67%,16.67%
05-Jun-19,"2,414",123,49.23%,12.38%,10.53%,11.15%,12.38%,8.67%,8.67%,8.05%,7.74%,8.67%,6.50%,30.96%,8.67%,6.19%,7.43%,6.81%,5.57%,5.26%,5.88%,5.57%,4.95%,3.72%,24.77%,23.53%,23.53%,19.50%,18.58%,16.10%,16.41%,112,0,22.22%,16.67%,0.00%,5.56%,5.56%,11.11%,11.11%,5.56%,11.11%,5.56%,5.56%,27.78%,11.11%,11.11%,0.00%,0.00%,0.00%,11.11%,0.00%,5.56%,11.11%,11.11%,11.11%,16.67%,16.67%,22.22%,11.11%,5.56%,16.67%
06-Jun-19,"2,424",122,40.96%,12.63%,9.90%,9.90%,9.56%,7.85%,7.17%,7.51%,5.46%,5.12%,6.83%,25.26%,7.17%,5.46%,5.80%,5.46%,5.12%,5.80%,4.44%,5.12%,3.75%,3.07%,23.55%,20.14%,17.06%,12.97%,13.31%,11.26%,11.26%,109,0,41.67%,16.67%,16.67%,16.67%,16.67%,16.67%,16.67%,8.33%,8.33%,8.33%,8.33%,25.00%,8.33%,8.33%,8.33%,0.00%,0.00%,8.33%,8.33%,8.33%,8.33%,8.33%,8.33%,25.00%,16.67%,25.00%,25.00%,16.67%,25.00%
07-Jun-19,"2,194",115,44.90%,10.20%,8.16%,10.20%,12.24%,8.16%,10.20%,9.52%,7.48%,8.16%,7.48%,27.89%,6.12%,4.76%,4.08%,6.12%,6.12%,7.48%,5.44%,6.12%,5.44%,5.44%,26.53%,21.09%,21.09%,20.41%,16.33%,14.29%,10.88%,102,0,33.33%,0.00%,11.11%,11.11%,11.11%,11.11%,0.00%,11.11%,0.00%,11.11%,0.00%,0.00%,0.00%,0.00%,0.00%,0.00%,0.00%,0.00%,0.00%,0.00%,0.00%,0.00%,0.00%,0.00%,0.00%,0.00%,0.00%,0.00%,0.00%
08-Jun-19,"2,159",47,48.90%,11.45%,11.45%,10.57%,11.01%,10.57%,7.49%,7.93%,6.61%,7.05%,5.73%,37.89%,7.49%,6.61%,5.73%,6.17%,6.17%,6.61%,5.29%,4.85%,5.73%,5.29%,28.63%,23.35%,21.15%,14.98%,15.42%,14.54%,13.22%,101,14,50.00%,6.25%,6.25%,6.25%,6.25%,12.50%,6.25%,6.25%,12.50%,6.25%,6.25%,31.25%,6.25%,0.00%,0.00%,0.00%,0.00%,0.00%,6.25%,6.25%,0.00%,6.25%,31.25%,6.25%,12.50%,6.25%,12.50%,12.50%,12.50%
09-Jun-19,"2,302",104,44.34%,13.15%,11.62%,10.70%,11.93%,9.48%,10.09%,7.34%,7.34%,8.56%,7.65%,31.19%,7.95%,7.95%,7.65%,5.81%,5.81%,5.81%,5.81%,6.12%,4.89%,1.83%,26.61%,23.55%,21.41%,16.51%,15.60%,14.68%,12.23%,104,14,38.46%,7.69%,15.38%,7.69%,23.08%,15.38%,7.69%,7.69%,15.38%,7.69%,0.00%,30.77%,7.69%,15.38%,7.69%,7.69%,7.69%,7.69%,7.69%,7.69%,7.69%,0.00%,15.38%,30.77%,15.38%,7.69%,23.08%,15.38%,7.69%
10-Jun-19,"2,409",142,47.11%,10.40%,10.12%,8.96%,8.38%,6.07%,6.94%,6.65%,4.62%,5.20%,5.20%,32.66%,5.78%,5.20%,4.91%,5.20%,4.91%,3.18%,2.31%,3.76%,4.05%,4.05%,29.77%,19.94%,16.76%,15.32%,13.58%,12.72%,9.83%,119,1,60.00%,20.00%,60.00%,40.00%,20.00%,20.00%,20.00%,20.00%,20.00%,20.00%,20.00%,60.00%,20.00%,20.00%,0.00%,40.00%,40.00%,20.00%,20.00%,20.00%,20.00%,20.00%,40.00%,40.00%,60.00%,40.00%,40.00%,40.00%,40.00%
11-Jun-19,"2,339",80,47.51%,9.63%,8.64%,8.97%,9.63%,6.64%,7.97%,8.64%,8.64%,6.31%,4.98%,33.89%,5.65%,6.31%,5.65%,3.99%,6.31%,2.99%,4.32%,4.32%,2.66%,4.65%,24.25%,17.94%,16.28%,15.61%,12.96%,13.29%,11.30%,114,0,41.67%,8.33%,0.00%,0.00%,8.33%,8.33%,0.00%,0.00%,8.33%,0.00%,8.33%,8.33%,8.33%,8.33%,8.33%,0.00%,0.00%,0.00%,0.00%,0.00%,0.00%,0.00%,16.67%,8.33%,8.33%,0.00%,0.00%,0.00%,0.00%
12-Jun-19,"2,340",127,47.22%,10.42%,11.46%,10.76%,9.03%,10.07%,8.68%,7.64%,7.29%,8.68%,6.60%,33.68%,7.64%,6.60%,5.56%,4.17%,4.86%,4.86%,4.51%,4.51%,3.82%,3.82%,26.39%,24.31%,20.83%,18.75%,17.01%,14.58%,11.46%,99,0,46.15%,15.38%,7.69%,30.77%,23.08%,0.00%,7.69%,0.00%,0.00%,7.69%,7.69%,23.08%,0.00%,7.69%,7.69%,7.69%,0.00%,15.38%,15.38%,0.00%,0.00%,0.00%,23.08%,30.77%,15.38%,7.69%,15.38%,7.69%,15.38%
13-Jun-19,"2,354",84,43.09%,12.50%,11.51%,10.20%,7.24%,10.53%,8.88%,6.25%,5.92%,5.59%,6.25%,34.21%,4.28%,4.28%,5.92%,4.61%,5.26%,4.93%,5.26%,3.95%,4.61%,2.96%,29.28%,25.99%,22.70%,19.74%,18.42%,14.47%,12.83%,102,3,37.50%,18.75%,18.75%,6.25%,12.50%,6.25%,6.25%,6.25%,12.50%,12.50%,12.50%,37.50%,18.75%,6.25%,6.25%,6.25%,6.25%,6.25%,0.00%,0.00%,0.00%,0.00%,37.50%,37.50%,31.25%,18.75%,12.50%,25.00%,25.00%
14-Jun-19,"2,308",116,45.11%,8.83%,9.46%,10.09%,8.83%,7.89%,8.52%,7.26%,6.31%,5.99%,5.68%,33.44%,4.42%,5.68%,5.68%,4.73%,5.05%,4.10%,3.47%,3.15%,5.36%,3.79%,21.45%,14.83%,16.09%,15.14%,13.88%,12.62%,11.04%,115,2,46.15%,11.54%,11.54%,11.54%,11.54%,11.54%,11.54%,11.54%,7.69%,11.54%,15.38%,30.77%,15.38%,11.54%,11.54%,11.54%,3.85%,7.69%,3.85%,3.85%,7.69%,11.54%,23.08%,23.08%,19.23%,15.38%,11.54%,11.54%,15.38%
15-Jun-19,"2,241",147,45.07%,11.27%,12.68%,11.97%,10.21%,7.39%,8.45%,6.69%,8.45%,11.27%,8.45%,28.87%,6.69%,5.99%,6.69%,5.28%,6.69%,4.93%,4.23%,4.23%,4.23%,5.63%,28.52%,21.48%,18.66%,18.66%,15.14%,15.49%,14.79%,134,0,31.25%,15.63%,9.38%,15.63%,9.38%,15.63%,6.25%,12.50%,9.38%,12.50%,12.50%,18.75%,15.63%,9.38%,9.38%,6.25%,9.38%,6.25%,9.38%,6.25%,6.25%,9.38%,18.75%,21.88%,15.63%,15.63%,12.50%,15.63%,15.63%
16-Jun-19,"2,313",108,45.24%,12.24%,11.22%,10.88%,10.20%,9.52%,8.50%,8.84%,7.14%,6.80%,6.80%,34.69%,5.10%,5.10%,5.44%,5.44%,5.10%,5.44%,6.46%,6.12%,6.12%,2.72%,25.17%,19.05%,20.07%,17.69%,14.97%,13.95%,15.31%,130,1,48.28%,24.14%,6.90%,10.34%,3.45%,10.34%,13.79%,3.45%,17.24%,10.34%,6.90%,31.03%,6.90%,10.34%,6.90%,6.90%,3.45%,6.90%,3.45%,3.45%,3.45%,3.45%,27.59%,27.59%,13.79%,10.34%,13.79%,20.69%,17.24%
17-Jun-19,"2,277",70,43.43%,10.58%,9.85%,10.22%,6.93%,6.20%,6.57%,7.30%,5.11%,5.11%,6.57%,29.93%,4.38%,6.93%,5.84%,3.28%,2.19%,3.28%,2.92%,2.92%,2.55%,0.00%,21.17%,16.06%,16.42%,9.85%,14.23%,12.41%,10.95%,116,1,61.54%,15.38%,15.38%,7.69%,15.38%,7.69%,7.69%,15.38%,7.69%,7.69%,7.69%,38.46%,7.69%,7.69%,15.38%,15.38%,15.38%,15.38%,0.00%,7.69%,0.00%,0.00%,46.15%,30.77%,15.38%,23.08%,15.38%,23.08%,15.38%
18-Jun-19,"2,319",146,45.98%,10.61%,10.29%,10.29%,9.00%,9.97%,9.00%,7.72%,7.72%,6.75%,7.40%,33.12%,5.14%,4.18%,6.43%,5.14%,5.79%,5.47%,7.07%,7.40%,6.75%,5.47%,26.05%,19.94%,18.97%,16.72%,14.15%,11.58%,10.61%,133,1,53.85%,19.23%,23.08%,23.08%,23.08%,19.23%,23.08%,23.08%,15.38%,15.38%,15.38%,34.62%,11.54%,15.38%,11.54%,11.54%,15.38%,15.38%,11.54%,15.38%,3.85%,15.38%,30.77%,34.62%,26.92%,26.92%,26.92%,19.23%,19.23%
19-Jun-19,"2,316",95,48.11%,11.95%,11.01%,12.89%,12.26%,9.43%,11.01%,9.75%,9.12%,8.18%,9.75%,34.91%,9.43%,9.12%,8.49%,7.23%,6.60%,7.55%,6.29%,5.97%,5.03%,3.14%,26.42%,24.53%,25.16%,19.50%,17.30%,13.21%,13.21%,131,7,46.15%,0.00%,23.08%,23.08%,7.69%,15.38%,23.08%,23.08%,23.08%,7.69%,15.38%,30.77%,23.08%,23.08%,15.38%,7.69%,7.69%,15.38%,0.00%,15.38%,7.69%,0.00%,23.08%,0.00%,0.00%,23.08%,30.77%,7.69%,7.69%
20-Jun-19,"2,279",138,46.89%,10.49%,9.84%,8.52%,8.20%,6.56%,7.21%,4.59%,4.59%,4.92%,5.57%,28.52%,4.92%,2.95%,2.30%,2.95%,3.93%,3.61%,2.95%,3.28%,0.98%,0.00%,24.59%,20.98%,17.38%,15.41%,13.77%,11.80%,9.84%,128,7,53.85%,15.38%,7.69%,7.69%,7.69%,7.69%,0.00%,0.00%,0.00%,0.00%,0.00%,30.77%,0.00%,0.00%,0.00%,0.00%,0.00%,0.00%,0.00%,0.00%,0.00%,0.00%,15.38%,15.38%,15.38%,15.38%,15.38%,15.38%,23.08%
21-Jun-19,"2,253",89,41.67%,13.04%,9.06%,9.06%,7.61%,6.88%,7.25%,7.25%,6.16%,6.88%,5.80%,29.35%,5.80%,6.88%,6.16%,4.71%,6.16%,5.07%,5.07%,1.81%,0.00%,0.00%,24.64%,22.46%,18.84%,15.94%,9.78%,11.96%,11.96%,127,3,40.00%,10.00%,20.00%,10.00%,30.00%,10.00%,10.00%,0.00%,0.00%,0.00%,0.00%,20.00%,0.00%,0.00%,0.00%,10.00%,0.00%,0.00%,0.00%,0.00%,0.00%,0.00%,20.00%,10.00%,20.00%,0.00%,30.00%,20.00%,40.00%
22-Jun-19,"2,203",107,45.39%,12.18%,12.18%,9.59%,9.96%,7.75%,7.75%,5.90%,5.54%,5.90%,5.17%,34.69%,5.17%,7.75%,5.17%,3.32%,3.69%,3.69%,4.80%,3.69%,4.43%,5.54%,23.62%,19.93%,17.71%,14.02%,15.13%,14.02%,12.18%,122,21,31.25%,0.00%,0.00%,6.25%,6.25%,0.00%,0.00%,0.00%,0.00%,0.00%,0.00%,6.25%,0.00%,0.00%,0.00%,0.00%,0.00%,0.00%,0.00%,0.00%,0.00%,0.00%,6.25%,12.50%,6.25%,0.00%,6.25%,12.50%,0.00%
23-Jun-19,"2,258",103,42.47%,13.04%,11.37%,7.36%,8.70%,6.69%,7.36%,7.69%,6.69%,5.69%,5.35%,29.77%,5.69%,6.35%,6.35%,6.02%,5.02%,4.68%,3.68%,4.68%,5.02%,4.35%,26.76%,23.75%,20.40%,14.38%,15.05%,13.38%,13.38%,111,19,33.33%,33.33%,33.33%,11.11%,22.22%,11.11%,11.11%,11.11%,11.11%,22.22%,11.11%,55.56%,11.11%,22.22%,11.11%,11.11%,11.11%,11.11%,11.11%,11.11%,11.11%,11.11%,33.33%,22.22%,33.33%,33.33%,33.33%,33.33%,33.33%
24-Jun-19,"2,220",107,49.45%,15.87%,12.92%,13.28%,10.70%,11.07%,8.12%,7.38%,9.59%,7.01%,7.38%,35.06%,7.38%,9.59%,7.75%,8.86%,8.12%,5.54%,7.38%,5.17%,6.27%,3.32%,26.20%,23.25%,18.45%,19.93%,18.82%,16.24%,12.92%,123,5,33.33%,8.33%,16.67%,8.33%,25.00%,16.67%,16.67%,8.33%,16.67%,16.67%,16.67%,33.33%,16.67%,16.67%,8.33%,0.00%,0.00%,0.00%,0.00%,0.00%,8.33%,0.00%,16.67%,8.33%,16.67%,8.33%,8.33%,16.67%,16.67%
25-Jun-19,"2,195",103,47.08%,10.95%,9.12%,8.39%,8.03%,9.49%,8.03%,7.30%,5.11%,6.57%,6.20%,35.04%,5.84%,4.74%,5.47%,5.84%,5.11%,5.11%,4.38%,4.38%,4.74%,4.74%,29.93%,22.63%,23.36%,18.98%,18.25%,13.87%,11.31%,125,11,58.33%,8.33%,16.67%,25.00%,16.67%,8.33%,0.00%,16.67%,16.67%,0.00%,8.33%,41.67%,0.00%,8.33%,8.33%,0.00%,0.00%,8.33%,0.00%,0.00%,0.00%,0.00%,25.00%,50.00%,41.67%,25.00%,16.67%,25.00%,33.33%
26-Jun-19,"2,101",64,44.44%,7.73%,10.14%,8.70%,8.70%,7.73%,7.25%,6.76%,5.31%,5.31%,4.35%,31.88%,3.86%,4.83%,4.83%,4.35%,4.83%,4.35%,5.31%,4.83%,3.86%,3.38%,23.19%,22.71%,18.36%,18.84%,12.56%,14.01%,10.14%,119,14,27.27%,0.00%,0.00%,0.00%,0.00%,0.00%,0.00%,0.00%,0.00%,9.09%,0.00%,27.27%,0.00%,9.09%,0.00%,9.09%,0.00%,0.00%,0.00%,0.00%,0.00%,0.00%,18.18%,0.00%,9.09%,9.09%,9.09%,9.09%,0.00%
27-Jun-19,"2,052",119,37.79%,11.63%,12.79%,12.21%,12.21%,9.30%,8.14%,10.47%,6.98%,5.81%,6.40%,31.98%,6.98%,4.07%,6.40%,4.07%,4.65%,4.65%,5.81%,4.07%,4.07%,3.49%,18.02%,17.44%,16.86%,17.44%,16.28%,11.63%,10.47%,157,7,1.54%,1.54%,0.00%,0.00%,0.00%,0.00%,0.00%,0.00%,0.00%,0.00%,0.00%,1.54%,0.00%,0.00%,0.00%,1.54%,1.54%,0.00%,0.00%,0.00%,0.00%,0.00%,0.00%,1.54%,0.00%,0.00%,0.00%,0.00%,0.00%
28-Jun-19,"1,963",128,40.97%,8.37%,13.22%,12.78%,10.57%,7.05%,8.37%,8.37%,8.81%,7.49%,8.81%,28.63%,8.37%,7.05%,7.49%,7.49%,6.61%,5.73%,4.85%,5.29%,3.96%,4.85%,23.35%,18.94%,18.50%,16.30%,13.66%,14.10%,10.13%,114,4,21.43%,14.29%,14.29%,14.29%,14.29%,7.14%,14.29%,14.29%,14.29%,14.29%,14.29%,28.57%,7.14%,14.29%,14.29%,14.29%,14.29%,14.29%,14.29%,14.29%,7.14%,7.14%,14.29%,7.14%,14.29%,0.00%,0.00%,7.14%,7.14%
29-Jun-19,"1,925",137,38.86%,9.17%,10.04%,8.30%,6.99%,5.68%,7.86%,5.68%,5.68%,5.24%,6.99%,28.38%,4.80%,4.80%,3.49%,3.06%,3.93%,4.37%,3.49%,2.18%,2.62%,1.31%,23.14%,23.14%,16.16%,13.97%,17.47%,11.79%,9.17%,109,7,66.67%,33.33%,33.33%,11.11%,22.22%,22.22%,11.11%,11.11%,11.11%,0.00%,11.11%,66.67%,11.11%,0.00%,0.00%,0.00%,11.11%,0.00%,11.11%,11.11%,0.00%,11.11%,22.22%,44.44%,33.33%,33.33%,22.22%,33.33%,33.33%
30-Jun-19,"2,059",123,43.62%,8.87%,8.87%,9.22%,7.45%,7.80%,7.45%,6.38%,7.45%,6.38%,4.96%,30.50%,4.26%,6.03%,3.90%,2.84%,2.84%,4.26%,4.61%,3.19%,3.55%,2.84%,24.82%,16.67%,14.54%,12.06%,14.54%,10.28%,8.87%,120,0,12.50%,0.00%,0.00%,0.00%,0.00%,0.00%,0.00%,0.00%,0.00%,0.00%,0.00%,12.50%,0.00%,0.00%,12.50%,0.00%,0.00%,0.00%,0.00%,0.00%,0.00%,0.00%,12.50%,12.50%,0.00%,0.00%,0.00%,0.00%,0.00%
01-Jul-19,"2,007",114,46.12%,14.22%,11.64%,8.19%,8.62%,6.47%,6.03%,5.17%,5.17%,4.74%,5.60%,32.76%,5.60%,5.17%,6.03%,4.74%,5.17%,3.88%,2.59%,3.88%,5.17%,3.88%,24.14%,21.12%,16.38%,14.22%,13.79%,10.34%,11.21%,111,9,41.67%,0.00%,8.33%,0.00%,0.00%,0.00%,0.00%,0.00%,8.33%,0.00%,0.00%,33.33%,0.00%,8.33%,0.00%,0.00%,0.00%,8.33%,0.00%,0.00%,0.00%,0.00%,25.00%,8.33%,0.00%,0.00%,8.33%,0.00%,0.00%
02-Jul-19,"2,066",180,42.99%,9.95%,9.50%,8.60%,9.05%,9.95%,9.50%,9.95%,9.95%,7.69%,7.69%,30.77%,6.33%,6.79%,4.52%,4.52%,6.33%,4.98%,5.88%,5.88%,5.43%,4.98%,28.51%,20.36%,18.55%,14.93%,13.57%,14.48%,10.41%,123,17,50.00%,0.00%,0.00%,10.00%,0.00%,0.00%,0.00%,0.00%,0.00%,0.00%,10.00%,30.00%,0.00%,0.00%,0.00%,0.00%,0.00%,0.00%,0.00%,10.00%,0.00%,0.00%,30.00%,0.00%,20.00%,10.00%,10.00%,0.00%,0.00%
03-Jul-19,"2,172",134,42.18%,11.17%,8.38%,10.61%,9.78%,9.22%,8.94%,8.66%,8.94%,6.98%,5.87%,30.73%,6.42%,6.42%,6.15%,6.42%,6.15%,6.98%,5.87%,4.75%,5.03%,5.59%,25.70%,21.79%,18.44%,16.48%,14.80%,14.25%,12.01%,157,1,40.00%,6.67%,3.33%,3.33%,10.00%,6.67%,6.67%,6.67%,3.33%,0.00%,6.67%,36.67%,3.33%,10.00%,6.67%,6.67%,6.67%,10.00%,6.67%,6.67%,6.67%,3.33%,23.33%,13.33%,10.00%,10.00%,13.33%,6.67%,6.67%
04-Jul-19,"1,996",82,46.30%,9.63%,8.89%,8.89%,8.15%,7.41%,8.15%,6.67%,6.30%,4.81%,6.30%,27.41%,5.56%,5.93%,5.93%,5.56%,5.19%,4.07%,4.81%,4.81%,4.44%,5.19%,24.07%,20.00%,16.67%,13.33%,13.33%,12.22%,8.52%,145,10,34.78%,8.70%,0.00%,8.70%,13.04%,13.04%,13.04%,8.70%,4.35%,4.35%,4.35%,30.43%,4.35%,4.35%,4.35%,8.70%,4.35%,8.70%,4.35%,0.00%,8.70%,4.35%,17.39%,21.74%,17.39%,17.39%,4.35%,13.04%,8.70%
05-Jul-19,"1,979",101,42.81%,10.53%,9.47%,9.12%,8.42%,10.18%,5.26%,6.32%,4.21%,6.67%,6.32%,27.37%,5.96%,6.67%,4.91%,5.26%,4.56%,4.21%,5.61%,3.16%,3.86%,4.21%,26.32%,18.95%,15.44%,15.79%,13.33%,12.98%,10.88%,113,5,28.57%,14.29%,21.43%,7.14%,14.29%,14.29%,21.43%,14.29%,14.29%,7.14%,21.43%,28.57%,14.29%,21.43%,14.29%,7.14%,7.14%,7.14%,7.14%,7.14%,0.00%,0.00%,21.43%,21.43%,21.43%,21.43%,14.29%,14.29%,21.43%
06-Jul-19,"1,976",95,41.84%,9.50%,8.61%,7.72%,7.42%,7.12%,8.90%,6.23%,6.82%,7.72%,5.04%,29.97%,6.23%,6.53%,5.34%,7.12%,5.34%,6.23%,5.34%,4.45%,5.64%,3.56%,23.44%,18.69%,16.02%,14.84%,12.46%,11.57%,9.50%,110,11,46.67%,13.33%,0.00%,0.00%,0.00%,6.67%,6.67%,0.00%,0.00%,0.00%,0.00%,13.33%,0.00%,0.00%,0.00%,0.00%,0.00%,0.00%,0.00%,0.00%,0.00%,0.00%,33.33%,20.00%,26.67%,20.00%,20.00%,20.00%,13.33%
07-Jul-19,"2,008",154,51.37%,12.33%,9.93%,9.59%,10.62%,9.59%,10.62%,6.51%,7.53%,6.16%,5.48%,38.01%,6.51%,6.51%,6.16%,5.82%,6.85%,5.48%,4.79%,3.42%,4.45%,4.11%,27.05%,26.37%,18.84%,16.78%,15.75%,14.04%,12.67%,121,3,46.67%,6.67%,6.67%,6.67%,6.67%,0.00%,0.00%,0.00%,0.00%,0.00%,0.00%,20.00%,0.00%,0.00%,0.00%,0.00%,0.00%,0.00%,0.00%,6.67%,0.00%,0.00%,20.00%,6.67%,0.00%,20.00%,0.00%,6.67%,6.67%
08-Jul-19,"2,008",99,43.32%,13.72%,14.08%,11.55%,12.27%,11.91%,9.03%,11.19%,9.39%,8.66%,8.66%,31.41%,9.03%,6.14%,6.14%,7.58%,7.94%,8.30%,8.66%,8.30%,7.22%,6.50%,24.55%,24.91%,20.58%,18.41%,17.69%,18.41%,14.08%,120,10,40.00%,20.00%,26.67%,13.33%,13.33%,20.00%,13.33%,20.00%,13.33%,20.00%,20.00%,26.67%,13.33%,13.33%,13.33%,13.33%,13.33%,13.33%,0.00%,6.67%,0.00%,6.67%,13.33%,13.33%,13.33%,13.33%,13.33%,13.33%,20.00%
09-Jul-19,"1,977",106,41.97%,10.22%,9.12%,8.39%,6.93%,6.57%,8.03%,5.84%,5.11%,5.47%,6.57%,28.47%,4.74%,4.38%,4.01%,4.74%,4.01%,3.28%,3.65%,2.92%,3.28%,2.92%,21.90%,14.96%,13.50%,12.41%,11.31%,10.22%,10.22%,115,16,20.00%,0.00%,0.00%,0.00%,0.00%,0.00%,0.00%,0.00%,0.00%,0.00%,0.00%,30.00%,0.00%,0.00%,0.00%,0.00%,0.00%,0.00%,0.00%,0.00%,0.00%,0.00%,20.00%,0.00%,0.00%,0.00%,0.00%,0.00%,0.00%
10-Jul-19,"1,957",120,39.77%,11.20%,8.11%,8.88%,8.88%,10.04%,9.65%,5.02%,5.41%,3.86%,6.18%,30.50%,5.02%,4.25%,5.41%,3.86%,3.09%,3.09%,2.70%,1.93%,2.70%,3.86%,21.62%,18.53%,16.60%,16.60%,11.97%,10.42%,10.42%,103,22,36.36%,0.00%,9.09%,18.18%,9.09%,0.00%,0.00%,0.00%,0.00%,0.00%,9.09%,36.36%,0.00%,0.00%,0.00%,0.00%,0.00%,9.09%,0.00%,0.00%,0.00%,0.00%,27.27%,36.36%,18.18%,18.18%,9.09%,9.09%,18.18%
11-Jul-19,"1,916",48,44.90%,8.16%,11.43%,9.39%,8.16%,9.39%,7.76%,8.16%,8.57%,8.16%,8.16%,30.20%,7.76%,7.76%,5.31%,5.71%,6.53%,5.31%,5.31%,5.31%,6.12%,4.49%,26.12%,22.45%,20.82%,16.33%,16.33%,13.06%,11.02%,129,21,39.39%,12.12%,12.12%,9.09%,3.03%,9.09%,6.06%,3.03%,6.06%,9.09%,6.06%,36.36%,3.03%,6.06%,6.06%,6.06%,12.12%,9.09%,12.12%,6.06%,9.09%,9.09%,24.24%,30.30%,12.12%,9.09%,9.09%,6.06%,6.06%
12-Jul-19,"1,886",77,48.29%,11.11%,11.54%,10.26%,8.97%,9.83%,8.55%,9.83%,6.84%,7.26%,5.56%,37.61%,4.70%,6.41%,4.27%,5.13%,3.42%,3.85%,2.14%,4.70%,5.56%,4.70%,27.35%,25.64%,18.80%,19.66%,18.38%,12.82%,15.38%,126,15,31.58%,5.26%,5.26%,0.00%,5.26%,0.00%,0.00%,5.26%,5.26%,5.26%,5.26%,21.05%,5.26%,5.26%,0.00%,0.00%,0.00%,0.00%,0.00%,0.00%,0.00%,0.00%,15.79%,10.53%,10.53%,15.79%,15.79%,10.53%,10.53%
13-Jul-19,"1,885",66,43.93%,16.07%,13.57%,13.57%,12.86%,11.43%,12.50%,12.50%,12.14%,11.43%,11.07%,30.71%,10.36%,10.71%,9.64%,10.00%,9.64%,8.93%,9.29%,7.86%,6.43%,7.86%,26.43%,22.14%,18.57%,18.57%,20.00%,17.50%,14.64%,127,7,37.50%,6.25%,12.50%,0.00%,0.00%,0.00%,6.25%,0.00%,0.00%,0.00%,0.00%,31.25%,0.00%,0.00%,0.00%,0.00%,0.00%,0.00%,0.00%,0.00%,6.25%,0.00%,25.00%,18.75%,6.25%,12.50%,6.25%,6.25%,0.00%
14-Jul-19,"1,948",109,42.07%,9.31%,8.62%,8.97%,8.62%,9.66%,7.24%,6.21%,6.90%,6.55%,6.21%,31.72%,4.14%,4.83%,4.48%,4.48%,4.14%,3.45%,3.45%,2.76%,3.10%,2.41%,24.83%,22.41%,20.00%,18.62%,15.17%,12.41%,8.62%,130,15,47.06%,17.65%,17.65%,17.65%,17.65%,17.65%,17.65%,17.65%,11.76%,11.76%,17.65%,29.41%,11.76%,11.76%,11.76%,5.88%,5.88%,5.88%,5.88%,5.88%,5.88%,5.88%,29.41%,23.53%,17.65%,23.53%,23.53%,29.41%,17.65%
15-Jul-19,"1,929",89,48.96%,12.86%,11.20%,8.71%,9.13%,9.54%,7.47%,7.05%,7.05%,7.47%,4.98%,38.17%,7.47%,6.22%,7.05%,7.05%,7.05%,4.56%,4.56%,4.15%,4.98%,4.56%,25.73%,22.82%,21.16%,17.84%,15.35%,13.28%,13.69%,107,9,12.50%,37.50%,25.00%,0.00%,12.50%,0.00%,12.50%,12.50%,0.00%,0.00%,0.00%,25.00%,0.00%,0.00%,0.00%,0.00%,0.00%,0.00%,0.00%,12.50%,0.00%,0.00%,25.00%,25.00%,12.50%,37.50%,37.50%,25.00%,12.50%
16-Jul-19,"1,922",108,38.40%,6.75%,6.75%,7.59%,5.49%,5.06%,6.33%,5.91%,6.33%,5.06%,4.22%,27.85%,4.64%,4.64%,4.22%,3.80%,3.80%,4.64%,2.95%,2.95%,2.95%,2.11%,21.94%,18.14%,16.03%,13.50%,9.70%,10.13%,8.86%,112,6,37.50%,0.00%,0.00%,0.00%,0.00%,0.00%,0.00%,0.00%,0.00%,0.00%,0.00%,12.50%,0.00%,0.00%,0.00%,0.00%,0.00%,0.00%,0.00%,0.00%,0.00%,0.00%,25.00%,6.25%,6.25%,6.25%,6.25%,0.00%,0.00%
17-Jul-19,"1,836",83,38.83%,8.74%,7.77%,8.25%,4.37%,5.83%,4.37%,5.83%,5.34%,5.34%,4.37%,22.82%,3.40%,3.40%,4.85%,1.46%,2.91%,3.40%,3.40%,3.40%,2.43%,2.43%,16.02%,18.93%,14.56%,12.62%,10.19%,9.22%,8.74%,116,18,26.67%,0.00%,0.00%,0.00%,0.00%,0.00%,0.00%,0.00%,0.00%,0.00%,0.00%,20.00%,0.00%,0.00%,0.00%,6.67%,0.00%,0.00%,0.00%,0.00%,6.67%,0.00%,20.00%,6.67%,0.00%,0.00%,0.00%,0.00%,6.67%
18-Jul-19,"1,849",50,46.15%,12.39%,11.54%,10.26%,9.40%,10.26%,8.55%,9.40%,8.97%,8.12%,7.26%,31.62%,8.12%,5.98%,3.85%,4.27%,4.70%,5.56%,5.98%,3.85%,3.85%,5.13%,26.50%,23.93%,20.51%,17.95%,17.09%,14.53%,12.39%,127,15,40.63%,18.75%,3.13%,3.13%,0.00%,0.00%,0.00%,3.13%,3.13%,3.13%,0.00%,28.13%,3.13%,3.13%,3.13%,0.00%,0.00%,0.00%,0.00%,6.25%,3.13%,0.00%,25.00%,25.00%,18.75%,18.75%,15.63%,15.63%,9.38%
19-Jul-19,"1,770",142,44.67%,10.15%,12.18%,12.18%,9.64%,9.64%,7.11%,7.61%,5.58%,5.08%,6.09%,32.49%,5.58%,5.08%,4.06%,5.58%,3.55%,3.55%,3.55%,1.52%,3.55%,3.05%,24.37%,26.90%,16.24%,16.24%,13.20%,12.69%,11.68%,123,8,63.16%,15.79%,26.32%,31.58%,21.05%,15.79%,15.79%,10.53%,15.79%,5.26%,15.79%,36.84%,5.26%,5.26%,10.53%,0.00%,5.26%,0.00%,0.00%,0.00%,5.26%,10.53%,42.11%,15.79%,15.79%,21.05%,15.79%,10.53%,10.53%
20-Jul-19,"1,766",96,50.84%,11.34%,10.92%,12.61%,10.92%,10.92%,11.34%,8.82%,9.66%,7.14%,7.98%,34.45%,6.30%,6.30%,5.88%,5.88%,5.88%,5.88%,5.88%,5.88%,7.14%,5.88%,23.95%,23.11%,21.43%,14.71%,15.13%,13.87%,12.61%,118,30,41.67%,16.67%,8.33%,25.00%,16.67%,16.67%,8.33%,8.33%,16.67%,8.33%,8.33%,25.00%,8.33%,8.33%,8.33%,8.33%,8.33%,8.33%,8.33%,8.33%,8.33%,16.67%,25.00%,25.00%,25.00%,16.67%,8.33%,8.33%,16.67%
21-Jul-19,"1,859",186,45.53%,12.84%,12.84%,13.23%,7.78%,8.95%,8.95%,7.00%,7.39%,6.61%,6.61%,32.68%,5.84%,6.23%,3.50%,2.72%,4.67%,4.28%,4.67%,3.50%,4.28%,3.89%,30.35%,28.02%,23.35%,19.46%,20.23%,15.18%,14.01%,121,20,40.00%,15.00%,15.00%,15.00%,10.00%,10.00%,10.00%,10.00%,10.00%,10.00%,5.00%,40.00%,5.00%,0.00%,5.00%,5.00%,10.00%,5.00%,5.00%,5.00%,10.00%,10.00%,25.00%,15.00%,15.00%,10.00%,15.00%,15.00%,15.00%
22-Jul-19,"1,764",55,42.86%,10.44%,10.44%,11.54%,10.44%,10.99%,9.89%,7.69%,7.14%,6.59%,8.24%,32.97%,6.59%,7.14%,7.69%,7.14%,6.59%,6.04%,6.04%,7.14%,6.59%,5.49%,26.37%,23.08%,23.63%,14.84%,15.38%,10.99%,12.64%,126,0,53.33%,13.33%,20.00%,13.33%,26.67%,13.33%,20.00%,13.33%,13.33%,20.00%,13.33%,40.00%,13.33%,20.00%,13.33%,13.33%,13.33%,13.33%,13.33%,13.33%,13.33%,13.33%,33.33%,33.33%,40.00%,33.33%,33.33%,26.67%,26.67%
23-Jul-19,"1,762",51,45.98%,10.27%,8.04%,9.38%,8.04%,7.59%,6.25%,4.02%,5.36%,4.02%,4.91%,31.70%,4.91%,3.57%,4.02%,3.13%,3.13%,4.02%,4.91%,3.57%,4.02%,4.02%,26.34%,18.75%,18.30%,16.07%,14.73%,12.95%,9.38%,110,22,44.44%,0.00%,0.00%,0.00%,0.00%,0.00%,0.00%,0.00%,0.00%,0.00%,0.00%,22.22%,0.00%,0.00%,0.00%,0.00%,0.00%,0.00%,0.00%,0.00%,0.00%,0.00%,22.22%,22.22%,11.11%,0.00%,11.11%,11.11%,11.11%
24-Jul-19,"1,741",63,42.35%,9.18%,8.67%,9.18%,9.18%,7.65%,7.14%,7.65%,4.08%,4.08%,5.10%,28.06%,5.10%,4.08%,3.06%,3.06%,3.57%,3.06%,3.57%,3.57%,2.04%,3.06%,21.43%,20.92%,16.84%,15.82%,12.76%,11.22%,13.27%,109,10,50.00%,50.00%,25.00%,25.00%,50.00%,25.00%,0.00%,25.00%,0.00%,25.00%,25.00%,50.00%,25.00%,0.00%,0.00%,0.00%,0.00%,0.00%,0.00%,0.00%,0.00%,0.00%,50.00%,50.00%,50.00%,50.00%,50.00%,25.00%,50.00%
25-Jul-19,"1,694",75,36.25%,13.75%,10.63%,9.38%,6.88%,8.75%,5.00%,6.25%,6.88%,8.13%,5.63%,25.00%,5.63%,5.00%,5.00%,5.63%,4.38%,6.25%,5.63%,3.13%,5.00%,4.38%,16.25%,18.13%,14.38%,15.63%,11.25%,11.25%,11.88%,104,3,12.50%,0.00%,0.00%,0.00%,0.00%,0.00%,0.00%,0.00%,0.00%,12.50%,0.00%,12.50%,0.00%,0.00%,0.00%,12.50%,0.00%,0.00%,0.00%,12.50%,0.00%,0.00%,0.00%,0.00%,12.50%,0.00%,0.00%,0.00%,0.00%
26-Jul-19,"1,611",86,40.00%,12.22%,8.33%,9.44%,7.78%,8.33%,6.67%,6.11%,5.56%,7.22%,5.56%,27.78%,5.00%,3.33%,3.33%,5.00%,5.56%,7.78%,5.56%,5.00%,5.00%,4.44%,21.11%,20.00%,16.67%,14.44%,12.22%,11.11%,13.33%,107,3,45.45%,0.00%,0.00%,9.09%,0.00%,0.00%,0.00%,0.00%,0.00%,0.00%,0.00%,18.18%,0.00%,0.00%,0.00%,0.00%,0.00%,0.00%,9.09%,0.00%,0.00%,0.00%,36.36%,18.18%,9.09%,0.00%,0.00%,0.00%,0.00%
27-Jul-19,"1,620",108,49.13%,10.43%,10.43%,7.83%,11.30%,9.57%,6.96%,5.22%,7.39%,6.52%,6.52%,31.30%,6.96%,5.65%,5.65%,5.65%,4.78%,5.22%,6.09%,5.65%,4.78%,3.48%,28.70%,24.78%,19.13%,16.09%,17.39%,13.91%,11.74%,100,18,20.00%,0.00%,0.00%,0.00%,0.00%,0.00%,10.00%,0.00%,0.00%,0.00%,0.00%,20.00%,0.00%,0.00%,0.00%,0.00%,0.00%,0.00%,0.00%,0.00%,0.00%,0.00%,10.00%,10.00%,0.00%,0.00%,0.00%,0.00%,0.00%
28-Jul-19,"1,741",40,48.22%,9.09%,9.09%,6.32%,7.91%,8.30%,5.93%,5.93%,6.72%,4.35%,5.53%,32.02%,7.11%,5.14%,5.14%,3.95%,4.74%,3.56%,4.35%,4.74%,2.77%,3.16%,22.92%,20.55%,16.60%,12.65%,9.49%,10.67%,8.70%,110,0,30.00%,20.00%,0.00%,0.00%,0.00%,0.00%,0.00%,0.00%,0.00%,0.00%,0.00%,40.00%,0.00%,0.00%,0.00%,0.00%,0.00%,0.00%,0.00%,0.00%,0.00%,0.00%,20.00%,30.00%,20.00%,0.00%,20.00%,10.00%,20.00%
29-Jul-19,"1,673",78,41.67%,9.80%,9.80%,7.84%,8.33%,10.78%,6.37%,6.86%,6.37%,5.88%,5.88%,37.75%,3.92%,3.92%,5.39%,4.90%,4.41%,3.92%,6.37%,4.41%,6.37%,6.37%,24.51%,20.10%,13.73%,13.73%,13.73%,12.75%,9.31%,116,7,26.67%,6.67%,6.67%,6.67%,20.00%,13.33%,6.67%,0.00%,6.67%,6.67%,6.67%,13.33%,20.00%,0.00%,13.33%,0.00%,6.67%,0.00%,0.00%,6.67%,0.00%,0.00%,13.33%,20.00%,13.33%,33.33%,13.33%,20.00%,6.67%
30-Jul-19,"1,658",120,47.49%,14.16%,11.87%,12.79%,11.42%,14.16%,10.96%,9.13%,7.31%,7.76%,7.31%,28.31%,5.94%,6.85%,6.85%,5.48%,5.94%,4.57%,4.11%,6.39%,6.85%,5.94%,26.03%,21.46%,18.72%,16.89%,15.53%,13.70%,16.44%,102,15,25.00%,0.00%,25.00%,0.00%,0.00%,0.00%,0.00%,0.00%,0.00%,0.00%,0.00%,50.00%,0.00%,0.00%,0.00%,0.00%,0.00%,0.00%,0.00%,0.00%,0.00%,0.00%,50.00%,0.00%,0.00%,0.00%,0.00%,0.00%,0.00%
31-Jul-19,"1,693",126,38.74%,10.36%,11.26%,6.31%,9.01%,7.66%,9.01%,7.66%,7.66%,8.11%,6.31%,26.58%,6.31%,5.86%,5.86%,3.60%,3.15%,3.15%,3.15%,5.86%,3.15%,6.31%,18.02%,18.92%,17.12%,14.86%,14.41%,11.71%,11.26%,102,15,16.67%,16.67%,8.33%,8.33%,0.00%,0.00%,0.00%,0.00%,0.00%,0.00%,0.00%,16.67%,0.00%,0.00%,0.00%,0.00%,0.00%,0.00%,0.00%,0.00%,0.00%,0.00%,25.00%,8.33%,8.33%,8.33%,33.33%,8.33%,8.33%
01-Aug-19,"1,642",103,46.12%,9.13%,6.39%,6.85%,6.39%,5.02%,5.02%,5.48%,4.57%,5.02%,5.94%,28.31%,4.57%,4.57%,5.94%,4.57%,4.57%,3.20%,3.20%,5.02%,3.65%,2.28%,27.40%,19.18%,15.98%,13.70%,13.24%,10.50%,7.31%,97,3,45.45%,9.09%,9.09%,18.18%,18.18%,18.18%,9.09%,18.18%,9.09%,9.09%,9.09%,45.45%,18.18%,9.09%,18.18%,9.09%,18.18%,9.09%,9.09%,9.09%,18.18%,0.00%,36.36%,45.45%,27.27%,27.27%,27.27%,9.09%,9.09%
02-Aug-19,"1,644",142,45.79%,16.84%,14.21%,12.11%,10.00%,8.42%,8.95%,10.53%,8.95%,9.47%,6.84%,33.68%,6.32%,5.79%,4.74%,7.89%,7.89%,5.79%,4.74%,5.79%,5.26%,6.32%,31.58%,22.63%,18.95%,15.26%,16.32%,15.79%,14.74%,98,3,30.77%,7.69%,7.69%,7.69%,7.69%,7.69%,7.69%,7.69%,7.69%,7.69%,7.69%,23.08%,7.69%,7.69%,0.00%,0.00%,0.00%,0.00%,0.00%,15.38%,7.69%,7.69%,15.38%,15.38%,7.69%,7.69%,7.69%,7.69%,7.69%
03-Aug-19,"1,609",118,40.80%,9.20%,10.00%,10.40%,10.00%,9.60%,10.40%,8.80%,8.00%,6.80%,6.40%,30.00%,8.00%,6.80%,6.00%,6.00%,6.40%,4.40%,6.40%,5.20%,4.40%,4.80%,23.60%,20.40%,16.40%,14.40%,10.00%,11.60%,11.60%,93,11,13.33%,0.00%,0.00%,0.00%,0.00%,13.33%,13.33%,13.33%,0.00%,0.00%,6.67%,20.00%,0.00%,0.00%,0.00%,0.00%,0.00%,6.67%,0.00%,0.00%,0.00%,6.67%,13.33%,0.00%,0.00%,0.00%,6.67%,6.67%,0.00%
04-Aug-19,"1,653",126,40.48%,12.38%,9.52%,10.95%,10.48%,10.95%,10.48%,10.00%,6.19%,9.52%,7.62%,31.90%,4.76%,4.29%,2.86%,3.33%,3.33%,2.38%,2.38%,2.38%,2.86%,2.38%,22.38%,20.95%,17.62%,15.24%,15.24%,14.29%,14.29%,103,18,27.27%,0.00%,0.00%,0.00%,0.00%,0.00%,0.00%,0.00%,0.00%,0.00%,0.00%,27.27%,0.00%,0.00%,0.00%,0.00%,0.00%,0.00%,0.00%,9.09%,0.00%,0.00%,9.09%,9.09%,0.00%,9.09%,0.00%,9.09%,9.09%
05-Aug-19,"1,620",79,49.57%,13.79%,12.07%,13.36%,9.91%,12.07%,11.64%,8.19%,11.21%,10.78%,9.05%,32.33%,9.91%,9.05%,9.48%,8.19%,6.90%,8.19%,6.90%,3.88%,6.47%,5.17%,28.45%,18.97%,17.67%,15.95%,15.09%,13.36%,13.79%,95,2,13.33%,0.00%,0.00%,0.00%,0.00%,0.00%,0.00%,0.00%,0.00%,0.00%,0.00%,20.00%,0.00%,6.67%,0.00%,0.00%,0.00%,0.00%,0.00%,0.00%,0.00%,0.00%,6.67%,6.67%,0.00%,0.00%,0.00%,6.67%,0.00%
06-Aug-19,"1,663",89,36.65%,7.24%,4.98%,7.69%,6.79%,7.24%,6.33%,6.79%,4.52%,3.17%,4.07%,24.43%,3.62%,4.52%,4.07%,4.07%,4.52%,2.26%,4.07%,3.62%,3.17%,2.26%,20.36%,15.84%,16.29%,13.12%,9.95%,11.31%,10.86%,108,0,38.89%,5.56%,11.11%,5.56%,0.00%,5.56%,0.00%,0.00%,0.00%,0.00%,0.00%,33.33%,5.56%,5.56%,0.00%,0.00%,5.56%,5.56%,5.56%,5.56%,0.00%,0.00%,22.22%,16.67%,16.67%,22.22%,5.56%,11.11%,11.11%
07-Aug-19,"1,672",104,46.96%,9.57%,8.70%,6.96%,6.96%,7.83%,8.26%,6.52%,8.26%,5.65%,6.52%,38.70%,4.35%,5.22%,4.78%,4.78%,3.04%,3.04%,2.17%,1.74%,3.04%,3.04%,30.87%,25.65%,20.87%,16.52%,14.78%,11.74%,10.87%,109,5,45.83%,16.67%,12.50%,20.83%,12.50%,12.50%,12.50%,16.67%,12.50%,12.50%,16.67%,25.00%,12.50%,20.83%,12.50%,8.33%,8.33%,8.33%,8.33%,8.33%,8.33%,8.33%,20.83%,29.17%,20.83%,25.00%,20.83%,12.50%,12.50%
08-Aug-19,"1,661",122,45.30%,13.25%,11.54%,9.83%,9.40%,8.12%,8.97%,9.40%,7.26%,8.55%,7.69%,29.91%,5.56%,6.84%,4.70%,3.85%,5.13%,3.85%,4.27%,3.85%,2.14%,2.14%,26.50%,25.64%,22.65%,17.95%,17.09%,12.82%,12.82%,96,8,38.46%,0.00%,7.69%,7.69%,7.69%,7.69%,15.38%,7.69%,0.00%,7.69%,7.69%,30.77%,7.69%,15.38%,7.69%,0.00%,0.00%,7.69%,7.69%,0.00%,7.69%,7.69%,23.08%,15.38%,30.77%,23.08%,7.69%,15.38%,7.69%
09-Aug-19,"1,550",85,43.48%,14.91%,12.42%,10.56%,11.80%,9.94%,8.07%,6.83%,7.45%,6.21%,7.45%,31.06%,6.83%,5.59%,3.11%,5.59%,6.83%,7.45%,6.83%,4.35%,5.59%,4.35%,29.81%,23.60%,18.01%,19.25%,16.15%,18.01%,16.15%,100,3,0.00%,0.00%,0.00%,0.00%,0.00%,0.00%,0.00%,0.00%,0.00%,0.00%,10.00%,10.00%,0.00%,0.00%,10.00%,0.00%,0.00%,0.00%,0.00%,0.00%,0.00%,0.00%,0.00%,0.00%,0.00%,10.00%,0.00%,0.00%,0.00%
10-Aug-19,"1,546",96,42.35%,9.69%,7.65%,6.63%,4.08%,4.59%,5.61%,3.57%,3.57%,3.57%,3.06%,28.57%,4.59%,4.08%,4.08%,4.59%,3.57%,2.04%,3.57%,3.06%,3.57%,3.06%,19.39%,15.31%,16.84%,17.35%,13.78%,9.18%,8.67%,94,1,60.00%,10.00%,0.00%,0.00%,0.00%,0.00%,0.00%,0.00%,0.00%,0.00%,0.00%,40.00%,0.00%,0.00%,0.00%,0.00%,0.00%,0.00%,0.00%,0.00%,0.00%,0.00%,10.00%,10.00%,10.00%,0.00%,0.00%,0.00%,0.00%
11-Aug-19,"1,608",90,45.29%,13.45%,13.00%,11.66%,12.11%,13.45%,10.31%,9.42%,8.97%,7.17%,8.07%,34.98%,7.62%,7.62%,5.83%,8.07%,6.73%,6.73%,5.83%,4.48%,4.93%,6.28%,25.11%,20.18%,20.63%,22.42%,16.14%,16.14%,13.00%,94,1,25.00%,12.50%,12.50%,12.50%,12.50%,12.50%,12.50%,12.50%,12.50%,12.50%,12.50%,12.50%,12.50%,12.50%,12.50%,12.50%,0.00%,0.00%,0.00%,12.50%,0.00%,0.00%,12.50%,12.50%,12.50%,12.50%,12.50%,12.50%,12.50%
12-Aug-19,"1,691",70,45.82%,10.18%,9.82%,10.91%,9.82%,8.73%,9.45%,8.73%,6.91%,6.55%,6.18%,34.55%,6.91%,5.45%,5.45%,4.00%,3.27%,2.91%,3.64%,3.27%,2.91%,1.82%,26.18%,19.64%,16.73%,17.82%,15.27%,15.27%,12.00%,111,1,43.75%,12.50%,6.25%,6.25%,6.25%,6.25%,0.00%,0.00%,0.00%,0.00%,6.25%,18.75%,0.00%,0.00%,0.00%,0.00%,0.00%,0.00%,0.00%,0.00%,0.00%,6.25%,31.25%,18.75%,12.50%,18.75%,6.25%,6.25%,0.00%
13-Aug-19,"1,653",129,44.39%,12.56%,12.56%,11.21%,10.31%,8.52%,10.76%,9.42%,8.97%,7.62%,7.17%,32.74%,5.38%,5.83%,6.28%,4.93%,4.04%,5.83%,6.28%,3.14%,3.59%,3.59%,24.66%,17.49%,18.83%,15.70%,16.14%,12.56%,13.00%,99,3,30.77%,23.08%,23.08%,23.08%,15.38%,15.38%,23.08%,15.38%,15.38%,0.00%,15.38%,38.46%,7.69%,7.69%,23.08%,7.69%,7.69%,0.00%,7.69%,7.69%,15.38%,7.69%,23.08%,7.69%,15.38%,15.38%,15.38%,7.69%,15.38%
14-Aug-19,"1,610",92,46.23%,12.74%,10.38%,11.32%,11.32%,10.85%,10.38%,9.43%,10.38%,9.43%,9.91%,34.43%,9.91%,8.02%,5.66%,5.19%,6.60%,6.60%,4.72%,4.72%,6.13%,3.77%,28.30%,24.06%,20.28%,15.09%,15.57%,16.51%,12.74%,102,0,42.86%,28.57%,21.43%,21.43%,14.29%,14.29%,0.00%,14.29%,7.14%,14.29%,7.14%,35.71%,14.29%,7.14%,7.14%,7.14%,7.14%,14.29%,7.14%,14.29%,7.14%,7.14%,28.57%,28.57%,28.57%,21.43%,21.43%,21.43%,14.29%
15-Aug-19,"1,574",85,45.05%,10.44%,8.79%,8.24%,10.99%,10.44%,7.14%,7.14%,5.49%,6.59%,6.59%,32.42%,6.59%,6.04%,7.69%,4.95%,4.40%,6.04%,4.95%,4.40%,4.95%,3.30%,24.18%,19.23%,15.38%,17.58%,13.19%,12.09%,9.89%,104,6,29.41%,11.76%,11.76%,5.88%,5.88%,5.88%,5.88%,5.88%,0.00%,0.00%,5.88%,17.65%,0.00%,0.00%,0.00%,5.88%,0.00%,0.00%,0.00%,0.00%,0.00%,0.00%,23.53%,17.65%,11.76%,5.88%,11.76%,0.00%,5.88%
16-Aug-19,"1,623",114,40.29%,10.68%,11.65%,10.68%,12.14%,9.22%,9.22%,8.25%,7.28%,7.28%,4.85%,29.13%,5.34%,6.80%,5.83%,7.28%,8.74%,6.31%,5.34%,6.31%,5.34%,4.37%,22.33%,20.87%,19.90%,17.48%,16.02%,12.62%,10.19%,120,0,29.41%,2.94%,2.94%,2.94%,2.94%,5.88%,0.00%,0.00%,2.94%,2.94%,0.00%,11.76%,0.00%,2.94%,5.88%,0.00%,2.94%,0.00%,0.00%,5.88%,0.00%,8.82%,11.76%,0.00%,2.94%,2.94%,5.88%,0.00%,2.94%
17-Aug-19,"1,578",62,40.00%,9.50%,10.50%,8.00%,8.50%,8.50%,6.50%,5.50%,6.50%,6.50%,5.00%,25.50%,5.00%,5.00%,5.50%,6.50%,5.50%,5.00%,5.50%,6.00%,4.50%,4.00%,21.50%,15.50%,15.50%,16.50%,13.50%,12.50%,11.50%,122,9,17.39%,0.00%,0.00%,0.00%,0.00%,0.00%,0.00%,0.00%,0.00%,0.00%,0.00%,4.35%,0.00%,0.00%,0.00%,0.00%,0.00%,0.00%,0.00%,0.00%,0.00%,0.00%,0.00%,0.00%,0.00%,0.00%,0.00%,0.00%,0.00%
18-Aug-19,"1,591",135,43.35%,10.84%,9.36%,11.33%,9.85%,9.36%,7.39%,7.39%,7.88%,4.43%,6.40%,28.57%,5.42%,5.42%,2.96%,3.45%,5.42%,3.94%,2.96%,3.94%,3.45%,2.96%,23.65%,19.21%,17.73%,13.79%,11.33%,13.30%,12.81%,115,1,21.43%,3.57%,3.57%,10.71%,7.14%,0.00%,3.57%,3.57%,3.57%,0.00%,3.57%,10.71%,0.00%,3.57%,0.00%,3.57%,3.57%,3.57%,0.00%,3.57%,3.57%,3.57%,10.71%,0.00%,3.57%,3.57%,7.14%,0.00%,3.57%
19-Aug-19,"1,547",100,44.21%,10.00%,7.37%,8.95%,7.37%,7.37%,7.89%,5.79%,6.32%,7.37%,7.89%,28.42%,4.74%,4.21%,3.68%,2.63%,2.63%,3.68%,3.16%,1.58%,2.11%,2.63%,22.11%,18.42%,16.32%,13.68%,10.53%,8.42%,9.47%,121,8,14.29%,2.86%,0.00%,0.00%,2.86%,0.00%,2.86%,5.71%,0.00%,2.86%,0.00%,5.71%,2.86%,2.86%,0.00%,0.00%,2.86%,0.00%,0.00%,0.00%,0.00%,0.00%,5.71%,2.86%,0.00%,0.00%,0.00%,0.00%,2.86%
20-Aug-19,"1,536",92,44.89%,13.07%,9.66%,10.23%,12.50%,9.09%,10.80%,8.52%,9.09%,8.52%,8.52%,34.09%,7.95%,7.39%,5.68%,6.82%,7.39%,5.11%,4.55%,5.11%,5.11%,4.55%,25.57%,20.45%,13.64%,16.48%,17.05%,15.34%,13.64%,105,2,33.33%,0.00%,0.00%,0.00%,0.00%,4.76%,0.00%,0.00%,0.00%,0.00%,0.00%,14.29%,0.00%,0.00%,0.00%,0.00%,0.00%,0.00%,0.00%,0.00%,0.00%,0.00%,4.76%,0.00%,4.76%,4.76%,4.76%,0.00%,0.00%
21-Aug-19,"1,462",124,38.85%,12.74%,11.46%,8.92%,8.92%,6.37%,10.19%,9.55%,8.92%,8.28%,7.01%,31.85%,7.01%,4.46%,2.55%,5.10%,5.10%,5.10%,5.10%,5.10%,5.10%,4.46%,22.93%,21.66%,21.02%,14.65%,13.38%,12.74%,13.38%,101,4,18.75%,0.00%,0.00%,0.00%,0.00%,0.00%,0.00%,6.25%,0.00%,0.00%,0.00%,0.00%,0.00%,0.00%,0.00%,0.00%,0.00%,0.00%,0.00%,0.00%,0.00%,0.00%,6.25%,0.00%,6.25%,0.00%,6.25%,0.00%,0.00%
22-Aug-19,"2,689",104,47.73%,9.87%,7.97%,7.68%,7.60%,5.19%,6.07%,6.43%,5.63%,5.34%,4.31%,32.02%,5.12%,4.61%,4.61%,4.31%,4.17%,4.02%,3.80%,3.73%,3.36%,3.44%,25.58%,21.05%,18.64%,15.64%,13.23%,11.55%,9.58%,361,4,12.00%,1.45%,1.09%,1.09%,1.09%,0.73%,0.36%,0.00%,0.73%,0.36%,1.09%,4.00%,1.82%,0.36%,1.09%,0.36%,0.73%,1.09%,0.73%,0.36%,0.36%,0.36%,2.18%,1.82%,2.55%,3.27%,2.18%,1.45%,2.91%
23-Aug-19,"2,244",172,43.47%,7.73%,7.20%,8.53%,6.93%,7.73%,7.73%,7.73%,5.60%,5.60%,4.53%,32.80%,5.07%,4.80%,4.00%,4.27%,4.27%,4.53%,5.07%,5.07%,4.53%,2.93%,22.93%,20.00%,17.60%,14.13%,10.67%,9.33%,8.80%,137,29,20.69%,3.45%,3.45%,6.90%,0.00%,0.00%,3.45%,6.90%,3.45%,6.90%,6.90%,6.90%,3.45%,3.45%,6.90%,3.45%,3.45%,0.00%,3.45%,3.45%,0.00%,3.45%,10.34%,3.45%,3.45%,6.90%,3.45%,3.45%,3.45%
24-Aug-19,"1,927",179,40.19%,11.00%,12.92%,12.44%,10.53%,11.96%,9.57%,11.00%,9.09%,11.48%,10.53%,33.49%,11.48%,9.09%,8.13%,7.18%,7.66%,8.13%,7.66%,5.74%,6.70%,5.74%,22.01%,23.44%,19.14%,17.22%,13.88%,14.35%,14.35%,104,1,0.00%,0.00%,0.00%,6.25%,0.00%,0.00%,0.00%,6.25%,6.25%,0.00%,6.25%,12.50%,12.50%,6.25%,0.00%,0.00%,0.00%,0.00%,0.00%,0.00%,0.00%,0.00%,0.00%,6.25%,6.25%,6.25%,12.50%,0.00%,0.00%
25-Aug-19,"1,770",193,36.71%,6.96%,6.33%,5.70%,6.96%,5.06%,5.70%,3.80%,5.06%,5.06%,3.80%,25.32%,1.27%,3.80%,2.53%,1.90%,2.53%,0.63%,1.27%,1.90%,1.27%,1.27%,25.95%,18.35%,17.09%,10.76%,10.76%,8.86%,8.23%,96,1,10.00%,0.00%,0.00%,5.00%,5.00%,0.00%,0.00%,5.00%,0.00%,0.00%,0.00%,10.00%,0.00%,0.00%,0.00%,0.00%,0.00%,0.00%,0.00%,0.00%,0.00%,0.00%,15.00%,10.00%,10.00%,10.00%,0.00%,5.00%,5.00%
26-Aug-19,"1,674",133,48.28%,15.86%,15.86%,14.48%,12.41%,11.72%,11.03%,9.66%,7.59%,8.28%,8.97%,33.10%,7.59%,6.21%,7.59%,6.21%,7.59%,6.90%,7.59%,8.28%,2.07%,2.07%,33.79%,28.28%,21.38%,21.38%,18.62%,15.17%,19.31%,94,1,13.33%,6.67%,0.00%,0.00%,0.00%,0.00%,0.00%,0.00%,0.00%,0.00%,0.00%,6.67%,6.67%,0.00%,0.00%,0.00%,0.00%,0.00%,6.67%,0.00%,0.00%,0.00%,6.67%,6.67%,6.67%,6.67%,6.67%,6.67%,6.67%
27-Aug-19,"2,198",122,46.93%,8.19%,7.75%,7.31%,7.02%,5.99%,5.70%,5.56%,5.41%,4.82%,4.82%,30.56%,3.65%,3.65%,3.80%,3.36%,2.78%,2.92%,2.05%,1.75%,2.49%,1.61%,22.08%,17.54%,16.37%,15.35%,12.28%,10.38%,8.33%,269,8,60.23%,8.19%,7.60%,8.19%,6.43%,7.02%,5.85%,4.09%,4.68%,5.26%,3.51%,42.11%,2.92%,2.92%,4.68%,4.68%,2.34%,2.92%,4.09%,2.34%,3.51%,3.51%,36.26%,24.56%,19.88%,18.13%,11.70%,12.28%,6.43%
28-Aug-19,"2,612",136,48.09%,12.36%,12.13%,10.79%,11.57%,10.22%,8.09%,7.42%,7.64%,7.53%,7.75%,32.13%,7.08%,5.73%,6.97%,6.40%,4.83%,5.96%,5.39%,5.51%,5.17%,4.61%,27.64%,22.36%,21.46%,17.98%,15.06%,13.48%,13.48%,386,9,51.06%,12.23%,11.70%,12.77%,10.11%,9.57%,9.57%,10.11%,5.32%,6.38%,6.91%,32.98%,6.38%,6.91%,5.85%,6.91%,4.26%,6.38%,7.98%,5.85%,5.85%,7.45%,22.87%,24.47%,20.74%,17.55%,15.96%,12.77%,12.23%
29-Aug-19,"2,836",125,49.48%,12.92%,11.42%,10.03%,9.69%,10.38%,8.30%,7.38%,6.23%,6.57%,7.27%,32.18%,7.04%,6.11%,6.00%,6.00%,5.19%,4.84%,4.27%,4.15%,3.58%,3.46%,26.53%,23.18%,20.07%,16.72%,13.38%,14.30%,12.34%,329,8,40.00%,20.00%,17.50%,17.50%,12.50%,16.25%,18.75%,13.75%,15.00%,13.75%,12.50%,32.50%,15.00%,15.00%,12.50%,8.75%,10.00%,11.25%,11.25%,10.00%,12.50%,11.25%,30.00%,28.75%,25.00%,25.00%,21.25%,25.00%,21.25%
30-Aug-19,"3,000",143,45.98%,9.93%,9.71%,8.71%,8.26%,9.04%,8.04%,6.92%,7.14%,6.70%,5.47%,33.15%,5.69%,4.58%,4.02%,3.91%,3.91%,3.68%,3.57%,3.68%,3.91%,3.35%,28.13%,23.33%,17.97%,14.29%,12.95%,10.94%,11.27%,260,20,37.93%,17.24%,13.79%,10.34%,13.79%,10.34%,10.34%,13.79%,17.24%,3.45%,10.34%,31.03%,3.45%,6.90%,3.45%,6.90%,3.45%,10.34%,10.34%,6.90%,10.34%,10.34%,24.14%,27.59%,17.24%,17.24%,27.59%,13.79%,13.79%
31-Aug-19,"3,095",137,49.15%,8.97%,9.29%,8.97%,8.23%,8.33%,7.69%,6.94%,7.48%,5.88%,5.88%,30.34%,5.45%,4.91%,4.81%,3.95%,4.70%,3.53%,3.74%,3.42%,2.99%,2.99%,22.97%,20.41%,15.81%,16.77%,16.35%,12.71%,11.22%,212,10,41.18%,11.76%,5.88%,5.88%,5.88%,5.88%,5.88%,0.00%,0.00%,0.00%,0.00%,23.53%,0.00%,0.00%,0.00%,5.88%,5.88%,5.88%,5.88%,5.88%,5.88%,5.88%,5.88%,23.53%,5.88%,11.76%,5.88%,11.76%,11.76%
01-Sep-19,"3,412",170,45.95%,10.87%,10.05%,9.74%,7.49%,8.62%,7.38%,7.08%,6.56%,5.74%,5.54%,30.05%,5.85%,5.44%,4.92%,5.03%,4.82%,4.82%,4.21%,4.41%,5.03%,4.41%,22.77%,17.23%,17.85%,15.28%,14.26%,11.90%,11.18%,202,12,30.00%,15.00%,10.00%,10.00%,5.00%,15.00%,15.00%,10.00%,10.00%,15.00%,15.00%,35.00%,10.00%,15.00%,25.00%,20.00%,15.00%,15.00%,20.00%,10.00%,10.00%,15.00%,20.00%,15.00%,15.00%,5.00%,5.00%,15.00%,10.00%
02-Sep-19,"2,865",168,38.68%,9.75%,7.86%,6.92%,5.97%,5.03%,6.29%,5.03%,4.40%,4.40%,3.77%,25.79%,4.40%,4.40%,5.97%,4.72%,3.46%,3.46%,2.83%,3.46%,2.83%,2.52%,17.92%,16.04%,12.58%,11.01%,11.95%,11.64%,9.12%,199,7,42.11%,10.53%,0.00%,10.53%,5.26%,15.79%,0.00%,5.26%,0.00%,0.00%,5.26%,21.05%,0.00%,10.53%,5.26%,5.26%,0.00%,0.00%,5.26%,5.26%,0.00%,0.00%,15.79%,15.79%,10.53%,15.79%,5.26%,15.79%,5.26%
03-Sep-19,"2,520",149,43.78%,9.64%,8.43%,7.63%,9.24%,7.63%,6.83%,6.02%,4.42%,4.82%,3.61%,29.72%,5.22%,4.02%,4.02%,4.42%,4.42%,4.02%,2.81%,2.81%,3.21%,2.41%,25.30%,18.88%,16.06%,15.66%,12.45%,10.44%,10.44%,184,11,29.41%,5.88%,5.88%,5.88%,5.88%,5.88%,5.88%,5.88%,5.88%,5.88%,5.88%,11.76%,5.88%,5.88%,5.88%,0.00%,0.00%,0.00%,0.00%,0.00%,5.88%,5.88%,17.65%,23.53%,11.76%,5.88%,5.88%,5.88%,11.76%
04-Sep-19,"2,248",160,35.00%,10.00%,8.75%,8.13%,7.50%,5.00%,5.63%,5.00%,2.50%,3.13%,5.63%,30.00%,4.38%,4.38%,3.75%,3.13%,4.38%,2.50%,3.75%,3.13%,1.88%,1.88%,20.63%,21.88%,16.25%,15.00%,11.25%,13.13%,10.63%,164,7,5.26%,5.26%,5.26%,0.00%,0.00%,0.00%,0.00%,0.00%,0.00%,0.00%,0.00%,5.26%,0.00%,0.00%,0.00%,0.00%,0.00%,0.00%,0.00%,0.00%,0.00%,0.00%,0.00%,10.53%,5.26%,0.00%,0.00%,0.00%,0.00%
05-Sep-19,"1,904",156,49.17%,11.67%,11.67%,12.50%,13.33%,10.83%,10.00%,10.00%,11.67%,9.17%,11.67%,35.00%,8.33%,4.17%,6.67%,5.00%,3.33%,5.83%,3.33%,3.33%,4.17%,3.33%,28.33%,27.50%,23.33%,20.83%,21.67%,13.33%,16.67%,127,11,57.14%,0.00%,14.29%,14.29%,0.00%,0.00%,0.00%,0.00%,0.00%,14.29%,0.00%,14.29%,0.00%,0.00%,0.00%,0.00%,0.00%,0.00%,0.00%,0.00%,0.00%,0.00%,28.57%,42.86%,14.29%,28.57%,0.00%,14.29%,14.29%
06-Sep-19,"2,027",135,36.92%,7.69%,6.15%,8.46%,7.69%,6.92%,4.62%,3.85%,4.62%,4.62%,3.08%,25.38%,3.85%,5.38%,3.85%,3.08%,5.38%,3.08%,4.62%,1.54%,4.62%,2.31%,23.85%,22.31%,13.08%,14.62%,10.77%,10.77%,8.46%,160,9,18.75%,6.25%,12.50%,12.50%,12.50%,12.50%,12.50%,12.50%,6.25%,6.25%,6.25%,12.50%,6.25%,6.25%,12.50%,6.25%,6.25%,6.25%,6.25%,6.25%,6.25%,6.25%,12.50%,12.50%,6.25%,6.25%,12.50%,6.25%,6.25%
07-Sep-19,"1,906",150,40.35%,11.40%,10.53%,8.77%,8.77%,7.02%,9.65%,8.77%,8.77%,7.02%,8.77%,25.44%,7.02%,5.26%,6.14%,4.39%,3.51%,1.75%,4.39%,5.26%,2.63%,5.26%,19.30%,20.18%,12.28%,15.79%,12.28%,10.53%,13.16%,134,7,50.00%,18.75%,12.50%,12.50%,25.00%,18.75%,18.75%,12.50%,18.75%,12.50%,12.50%,37.50%,18.75%,6.25%,0.00%,6.25%,6.25%,12.50%,6.25%,6.25%,6.25%,6.25%,37.50%,12.50%,31.25%,25.00%,18.75%,18.75%,12.50%
08-Sep-19,"1,896",126,45.89%,10.27%,9.59%,8.22%,8.22%,7.53%,10.27%,8.90%,10.27%,8.90%,6.16%,30.14%,6.85%,7.53%,6.16%,5.48%,5.48%,6.16%,5.48%,4.11%,5.48%,5.48%,26.03%,23.29%,18.49%,15.75%,13.01%,11.64%,10.27%,144,10,15.38%,7.69%,7.69%,7.69%,7.69%,7.69%,0.00%,15.38%,7.69%,15.38%,7.69%,23.08%,7.69%,7.69%,7.69%,0.00%,7.69%,7.69%,7.69%,0.00%,7.69%,15.38%,23.08%,15.38%,0.00%,0.00%,7.69%,7.69%,0.00%
09-Sep-19,"1,825",135,42.59%,8.64%,5.56%,4.94%,5.56%,8.64%,6.17%,3.70%,3.70%,5.56%,3.70%,29.01%,5.56%,5.56%,4.32%,3.70%,5.56%,3.09%,3.70%,2.47%,2.47%,0.62%,21.60%,19.14%,16.67%,14.81%,12.35%,9.26%,11.11%,151,12,25.00%,10.00%,15.00%,10.00%,10.00%,10.00%,15.00%,15.00%,5.00%,0.00%,0.00%,20.00%,5.00%,0.00%,0.00%,0.00%,5.00%,0.00%,0.00%,0.00%,0.00%,0.00%,20.00%,15.00%,5.00%,5.00%,10.00%,15.00%,20.00%
10-Sep-19,"1,727",156,44.27%,10.69%,6.11%,8.40%,9.16%,9.92%,9.92%,5.34%,7.63%,3.82%,5.34%,29.77%,8.40%,4.58%,5.34%,6.11%,4.58%,3.05%,4.58%,3.82%,3.82%,2.29%,21.37%,16.79%,14.50%,14.50%,16.03%,10.69%,9.16%,151,18,11.11%,0.00%,5.56%,5.56%,5.56%,11.11%,0.00%,0.00%,0.00%,5.56%,0.00%,5.56%,0.00%,0.00%,0.00%,0.00%,0.00%,0.00%,0.00%,0.00%,0.00%,5.56%,5.56%,11.11%,5.56%,5.56%,5.56%,11.11%,0.00%
11-Sep-19,"1,708",122,37.07%,7.76%,6.03%,4.31%,4.31%,4.31%,6.03%,4.31%,4.31%,5.17%,6.03%,31.03%,4.31%,5.17%,3.45%,3.45%,5.17%,2.59%,3.45%,3.45%,0.86%,0.00%,26.72%,24.14%,18.97%,14.66%,14.66%,12.07%,8.62%,157,28,40.54%,8.11%,10.81%,5.41%,8.11%,5.41%,2.70%,5.41%,5.41%,10.81%,8.11%,16.22%,8.11%,13.51%,5.41%,2.70%,5.41%,5.41%,8.11%,5.41%,5.41%,2.70%,21.62%,10.81%,10.81%,13.51%,10.81%,10.81%,10.81%
12-Sep-19,"1,631",129,43.06%,5.56%,5.56%,5.56%,6.25%,6.94%,4.86%,6.25%,6.94%,4.17%,3.47%,25.00%,4.17%,2.78%,4.86%,2.78%,4.17%,2.78%,5.56%,4.17%,2.08%,3.47%,25.69%,20.14%,14.58%,9.72%,13.19%,8.33%,6.25%,293,18,56.17%,11.11%,10.49%,12.35%,11.11%,10.49%,8.64%,6.17%,7.41%,7.41%,6.17%,33.33%,6.79%,3.09%,4.32%,3.70%,4.32%,3.70%,4.32%,4.32%,3.70%,3.09%,28.40%,21.60%,17.28%,19.14%,14.81%,14.81%,11.11%
13-Sep-19,"1,676",219,41.10%,11.66%,9.82%,7.98%,9.20%,7.98%,6.75%,4.91%,5.52%,4.91%,4.91%,29.45%,6.13%,4.91%,3.68%,4.29%,5.52%,4.91%,3.68%,3.68%,4.91%,2.45%,21.47%,23.31%,20.25%,18.40%,14.72%,12.88%,11.04%,303,35,44.33%,10.31%,11.34%,14.43%,11.34%,6.19%,5.15%,8.25%,7.22%,7.22%,5.15%,34.02%,5.15%,7.22%,5.15%,5.15%,7.22%,6.19%,7.22%,5.15%,4.12%,4.12%,30.93%,23.71%,21.65%,18.56%,13.40%,15.46%,12.37%
14-Sep-19,"1,600",158,41.62%,13.20%,10.15%,11.68%,9.64%,7.61%,5.58%,6.09%,6.09%,7.61%,7.61%,30.46%,5.08%,4.57%,6.09%,4.06%,3.05%,5.58%,4.57%,3.55%,3.55%,2.54%,23.35%,19.29%,15.74%,14.21%,14.21%,11.17%,12.18%,256,19,35.42%,10.42%,12.50%,10.42%,10.42%,6.25%,10.42%,12.50%,12.50%,6.25%,8.33%,27.08%,6.25%,6.25%,8.33%,10.42%,6.25%,6.25%,8.33%,6.25%,12.50%,10.42%,31.25%,29.17%,16.67%,14.58%,16.67%,14.58%,8.33%
15-Sep-19,"1,611",148,40.20%,8.54%,9.55%,9.55%,8.54%,8.54%,7.04%,7.54%,9.05%,11.06%,8.04%,24.62%,6.03%,7.04%,6.03%,6.03%,5.03%,4.02%,4.52%,3.52%,5.03%,2.51%,23.12%,21.11%,19.60%,16.08%,13.57%,11.06%,11.56%,258,32,44.00%,16.00%,14.00%,14.00%,14.00%,8.00%,6.00%,12.00%,2.00%,12.00%,10.00%,28.00%,10.00%,10.00%,8.00%,10.00%,10.00%,4.00%,8.00%,2.00%,8.00%,4.00%,18.00%,26.00%,22.00%,20.00%,20.00%,14.00%,10.00%
16-Sep-19,"1,592",161,48.63%,9.84%,10.93%,6.01%,7.65%,9.29%,7.65%,7.10%,6.01%,5.46%,7.65%,32.24%,4.37%,5.46%,4.92%,6.56%,4.37%,2.73%,3.83%,3.83%,3.83%,3.83%,27.32%,24.04%,16.39%,14.75%,13.11%,11.48%,8.74%,241,27,34.15%,4.88%,4.88%,4.88%,2.44%,7.32%,7.32%,7.32%,4.88%,4.88%,9.76%,19.51%,4.88%,7.32%,4.88%,4.88%,4.88%,9.76%,4.88%,4.88%,12.20%,7.32%,24.39%,21.95%,21.95%,12.20%,17.07%,14.63%,14.63%
17-Sep-19,"1,567",148,46.00%,7.33%,12.00%,7.33%,10.00%,8.00%,6.67%,11.33%,5.33%,6.00%,7.33%,32.67%,4.67%,4.00%,4.00%,6.67%,4.67%,3.33%,3.33%,1.33%,3.33%,2.00%,27.33%,22.00%,16.00%,12.67%,15.33%,12.00%,9.33%,220,35,37.50%,6.25%,9.38%,12.50%,9.38%,9.38%,6.25%,6.25%,0.00%,6.25%,6.25%,34.38%,9.38%,6.25%,6.25%,6.25%,3.13%,3.13%,6.25%,0.00%,0.00%,0.00%,21.88%,21.88%,18.75%,9.38%,9.38%,6.25%,12.50%
18-Sep-19,"1,514",106,43.17%,9.35%,10.79%,10.79%,7.91%,10.07%,7.19%,7.91%,8.63%,5.04%,7.19%,25.18%,5.76%,7.19%,5.76%,5.04%,5.76%,6.47%,5.76%,5.76%,4.32%,3.60%,20.14%,17.99%,15.83%,14.39%,15.11%,12.95%,14.39%,220,23,22.73%,4.55%,4.55%,4.55%,4.55%,4.55%,0.00%,0.00%,9.09%,4.55%,4.55%,18.18%,4.55%,9.09%,4.55%,4.55%,4.55%,0.00%,4.55%,4.55%,4.55%,4.55%,13.64%,13.64%,4.55%,13.64%,4.55%,9.09%,4.55%
19-Sep-19,"2,022",92,46.12%,8.52%,9.74%,8.98%,7.61%,7.61%,6.85%,8.07%,6.09%,6.24%,6.09%,25.11%,4.57%,3.81%,5.63%,5.02%,3.50%,3.50%,3.50%,3.50%,2.59%,3.96%,23.74%,18.57%,15.22%,12.79%,13.39%,11.57%,9.28%,185,24,33.33%,11.11%,22.22%,11.11%,0.00%,22.22%,11.11%,11.11%,0.00%,11.11%,11.11%,33.33%,11.11%,11.11%,0.00%,11.11%,0.00%,0.00%,22.22%,11.11%,0.00%,22.22%,22.22%,22.22%,0.00%,22.22%,11.11%,11.11%,11.11%
20-Sep-19,"2,195",172,46.25%,13.21%,13.96%,12.91%,10.81%,10.66%,9.76%,8.41%,8.41%,8.11%,8.56%,33.03%,7.06%,7.81%,6.76%,5.41%,5.41%,5.11%,4.35%,4.80%,4.65%,2.40%,24.92%,21.17%,18.17%,19.52%,17.27%,15.17%,15.32%,180,9,16.67%,0.00%,8.33%,0.00%,0.00%,8.33%,0.00%,8.33%,0.00%,0.00%,0.00%,8.33%,0.00%,0.00%,0.00%,0.00%,0.00%,8.33%,0.00%,0.00%,0.00%,0.00%,0.00%,16.67%,0.00%,0.00%,8.33%,0.00%,0.00%
21-Sep-19,"2,412",149,44.15%,11.10%,10.14%,9.31%,8.00%,7.88%,7.52%,6.56%,6.21%,5.01%,5.01%,30.19%,5.13%,5.13%,4.42%,3.94%,4.30%,5.01%,4.06%,4.42%,3.82%,3.82%,24.58%,19.93%,16.23%,17.42%,17.18%,15.16%,12.77%,166,29,36.36%,18.18%,18.18%,18.18%,18.18%,18.18%,18.18%,18.18%,18.18%,9.09%,9.09%,27.27%,18.18%,18.18%,18.18%,9.09%,18.18%,18.18%,18.18%,18.18%,18.18%,9.09%,27.27%,27.27%,18.18%,18.18%,18.18%,18.18%,18.18%
22-Sep-19,"2,852",186,40.61%,10.20%,9.19%,7.88%,7.58%,7.98%,7.07%,5.35%,5.76%,5.35%,4.95%,25.35%,4.65%,5.05%,4.85%,3.84%,4.14%,4.04%,4.14%,3.03%,3.74%,3.13%,21.41%,17.98%,13.94%,13.13%,13.33%,11.01%,11.21%,181,35,16.67%,11.11%,11.11%,5.56%,11.11%,5.56%,5.56%,5.56%,11.11%,5.56%,16.67%,16.67%,5.56%,5.56%,5.56%,5.56%,5.56%,5.56%,5.56%,5.56%,5.56%,5.56%,16.67%,11.11%,11.11%,11.11%,11.11%,5.56%,5.56%
23-Sep-19,"2,705",181,42.40%,11.33%,9.39%,8.29%,8.56%,9.12%,7.32%,7.87%,7.18%,6.63%,6.22%,27.90%,5.11%,5.66%,5.52%,5.25%,5.39%,5.39%,4.42%,4.28%,4.70%,3.87%,23.34%,18.37%,15.47%,14.23%,13.54%,12.85%,11.19%,319,13,53.18%,10.98%,9.83%,10.40%,9.25%,7.51%,9.25%,7.51%,3.47%,5.20%,4.62%,33.53%,4.05%,4.05%,4.05%,3.47%,2.89%,2.31%,1.73%,2.89%,1.73%,4.05%,22.54%,17.34%,16.18%,11.56%,15.61%,10.98%,8.67%
24-Sep-19,"2,629",155,42.11%,8.83%,9.46%,9.62%,8.68%,6.78%,6.94%,6.47%,5.52%,5.36%,5.99%,31.86%,5.99%,5.05%,4.26%,4.26%,4.42%,3.63%,4.26%,4.89%,4.10%,4.10%,22.71%,22.08%,18.14%,17.03%,14.20%,12.15%,13.41%,449,33,45.96%,14.14%,15.15%,13.13%,12.63%,12.12%,9.09%,11.11%,8.08%,11.11%,7.58%,31.82%,9.09%,8.08%,6.57%,5.56%,7.58%,6.06%,4.55%,5.05%,3.54%,4.55%,24.24%,17.17%,22.22%,18.18%,17.68%,16.67%,15.15%
25-Sep-19,"2,524",136,44.60%,10.80%,9.73%,9.73%,9.91%,9.20%,7.79%,7.79%,8.14%,7.08%,7.08%,29.38%,6.73%,5.31%,6.02%,6.02%,5.49%,5.13%,4.60%,4.96%,4.78%,2.30%,23.36%,17.88%,20.00%,16.28%,13.45%,13.98%,12.57%,478,26,54.39%,13.45%,14.62%,14.04%,14.62%,11.11%,9.36%,9.94%,9.94%,6.43%,6.43%,38.60%,4.68%,6.43%,5.26%,5.85%,4.68%,5.85%,5.26%,5.85%,5.26%,2.92%,28.65%,24.56%,22.22%,21.64%,18.71%,15.79%,16.96%
26-Sep-19,"3,184",144,46.34%,12.95%,12.78%,10.75%,9.87%,9.34%,8.81%,8.55%,8.02%,7.58%,7.31%,32.60%,6.96%,6.52%,5.64%,5.20%,5.55%,5.11%,5.99%,5.29%,4.49%,4.67%,24.93%,22.56%,21.67%,19.03%,16.48%,14.19%,12.69%,687,30,52.40%,14.07%,12.28%,10.18%,10.18%,9.58%,8.38%,9.88%,9.88%,10.78%,8.68%,36.23%,7.49%,6.89%,8.68%,7.49%,6.89%,8.68%,7.19%,6.29%,6.29%,6.59%,26.65%,24.85%,19.16%,18.26%,15.87%,12.87%,14.07%
27-Sep-19,"3,497",167,44.07%,12.37%,10.65%,10.22%,10.14%,9.19%,9.36%,7.82%,8.16%,7.04%,7.73%,31.19%,7.99%,7.47%,5.41%,6.10%,6.19%,5.76%,5.33%,5.41%,4.47%,4.73%,26.80%,21.56%,19.76%,15.98%,15.38%,11.68%,12.71%,708,46,55.34%,18.70%,16.41%,16.03%,16.41%,14.89%,15.65%,12.60%,12.21%,12.60%,12.98%,41.22%,11.83%,9.92%,11.07%,12.21%,8.78%,8.40%,10.69%,10.31%,6.87%,6.11%,35.50%,33.97%,28.24%,23.66%,25.57%,17.94%,19.08%
28-Sep-19,"3,739",195,45.94%,12.63%,11.16%,10.99%,9.19%,10.09%,7.79%,7.30%,8.37%,7.14%,6.64%,32.65%,6.64%,7.05%,6.81%,6.15%,5.33%,5.91%,5.25%,4.51%,4.35%,3.69%,25.10%,22.81%,20.67%,16.65%,16.57%,14.93%,12.88%,860,62,47.61%,14.93%,12.68%,12.39%,13.52%,11.55%,9.01%,10.14%,9.30%,7.89%,8.45%,31.27%,9.01%,7.32%,6.76%,7.61%,8.17%,6.48%,6.48%,5.07%,7.32%,5.35%,28.45%,21.13%,19.44%,18.87%,14.65%,12.96%,14.37%
29-Sep-19,"4,118",214,44.03%,10.49%,11.41%,9.58%,10.11%,8.97%,7.38%,8.59%,8.14%,7.00%,7.38%,30.65%,5.93%,6.77%,5.78%,4.94%,5.93%,5.48%,5.25%,5.02%,4.87%,3.80%,24.94%,21.14%,18.17%,16.50%,14.75%,13.08%,12.02%,912,105,54.57%,14.83%,15.77%,12.93%,12.30%,10.73%,9.15%,9.46%,9.78%,10.73%,13.25%,38.80%,8.83%,9.78%,9.78%,10.09%,8.83%,9.15%,8.52%,7.89%,6.94%,5.99%,30.28%,26.18%,25.87%,20.82%,20.50%,19.24%,17.35%
30-Sep-19,"3,512",95,42.36%,12.07%,10.59%,10.10%,10.59%,10.10%,8.62%,7.88%,8.87%,7.88%,7.88%,29.06%,6.40%,5.91%,5.42%,7.39%,6.40%,4.93%,4.43%,4.43%,3.45%,4.43%,23.89%,17.73%,15.02%,15.52%,13.30%,12.07%,9.11%,750,54,43.66%,18.31%,16.90%,15.49%,16.90%,14.08%,14.08%,14.08%,9.86%,16.90%,11.27%,25.35%,15.49%,11.27%,9.86%,11.27%,12.68%,9.86%,9.86%,9.86%,7.04%,7.04%,28.17%,25.35%,19.72%,21.13%,19.72%,16.90%,22.54%
01-Oct-19,"2,965",112,39.91%,9.63%,8.26%,9.17%,8.26%,10.09%,6.42%,10.09%,6.88%,5.50%,6.42%,29.36%,6.42%,6.42%,5.96%,5.50%,5.05%,5.50%,4.59%,5.96%,6.42%,5.50%,24.31%,20.18%,15.60%,15.60%,14.22%,8.72%,11.01%,647,37,30.00%,7.50%,7.50%,7.50%,7.50%,5.00%,5.00%,2.50%,7.50%,2.50%,5.00%,27.50%,5.00%,2.50%,5.00%,7.50%,5.00%,2.50%,2.50%,2.50%,2.50%,2.50%,17.50%,15.00%,15.00%,10.00%,5.00%,5.00%,5.00%
02-Oct-19,"2,694",68,41.22%,9.46%,7.43%,8.78%,9.46%,9.46%,10.14%,7.43%,7.43%,9.46%,7.43%,25.00%,6.76%,6.76%,4.73%,4.05%,5.41%,5.41%,5.41%,5.41%,4.73%,4.73%,18.24%,21.62%,15.54%,13.51%,14.86%,13.51%,12.16%,549,34,35.71%,7.14%,7.14%,3.57%,7.14%,10.71%,0.00%,3.57%,7.14%,7.14%,7.14%,28.57%,3.57%,7.14%,7.14%,7.14%,7.14%,3.57%,3.57%,0.00%,3.57%,3.57%,25.00%,21.43%,10.71%,17.86%,10.71%,10.71%,10.71%
03-Oct-19,"2,581",92,37.18%,8.33%,6.41%,8.97%,7.69%,8.33%,7.05%,8.97%,7.69%,7.69%,5.77%,28.21%,6.41%,8.33%,5.77%,5.77%,5.13%,4.49%,4.49%,5.13%,3.21%,1.92%,21.15%,14.10%,16.03%,15.38%,13.46%,10.90%,8.33%,506,26,36.36%,4.55%,9.09%,9.09%,9.09%,4.55%,4.55%,9.09%,4.55%,4.55%,0.00%,18.18%,0.00%,0.00%,0.00%,4.55%,0.00%,9.09%,4.55%,0.00%,4.55%,0.00%,18.18%,13.64%,9.09%,9.09%,4.55%,4.55%,9.09%
04-Oct-19,"2,250",76,48.32%,8.72%,9.40%,8.72%,6.04%,7.38%,8.72%,6.04%,8.72%,7.38%,7.38%,29.53%,6.04%,5.37%,6.71%,4.70%,4.70%,4.70%,4.70%,4.70%,4.70%,4.70%,28.19%,19.46%,20.81%,15.44%,14.09%,10.74%,7.38%,485,27,50.00%,20.00%,20.00%,20.00%,15.00%,15.00%,20.00%,10.00%,10.00%,15.00%,15.00%,35.00%,10.00%,15.00%,15.00%,15.00%,5.00%,0.00%,5.00%,10.00%,5.00%,10.00%,50.00%,25.00%,25.00%,25.00%,20.00%,25.00%,30.00%
05-Oct-19,"2,157",95,44.71%,14.71%,14.12%,11.76%,8.82%,11.18%,8.82%,8.82%,10.00%,11.76%,8.82%,30.59%,7.65%,8.82%,7.06%,7.06%,8.82%,4.71%,4.71%,5.29%,5.88%,4.71%,24.71%,20.00%,21.18%,19.41%,20.00%,12.94%,17.06%,454,25,26.32%,10.53%,15.79%,5.26%,21.05%,21.05%,15.79%,10.53%,15.79%,10.53%,10.53%,21.05%,5.26%,0.00%,5.26%,5.26%,0.00%,5.26%,5.26%,5.26%,10.53%,10.53%,15.79%,15.79%,15.79%,15.79%,10.53%,15.79%,5.26%
06-Oct-19,"2,144",86,47.24%,12.27%,9.20%,9.82%,9.82%,12.27%,7.36%,7.36%,7.98%,9.20%,7.98%,29.45%,5.52%,5.52%,4.91%,6.75%,4.91%,6.75%,3.68%,4.91%,6.13%,3.07%,23.93%,21.47%,20.86%,17.79%,17.79%,12.88%,9.20%,433,15,36.84%,21.05%,15.79%,15.79%,15.79%,15.79%,15.79%,21.05%,21.05%,21.05%,15.79%,36.84%,21.05%,15.79%,15.79%,21.05%,26.32%,15.79%,15.79%,10.53%,10.53%,15.79%,10.53%,15.79%,10.53%,15.79%,10.53%,15.79%,21.05%
07-Oct-19,"2,054",67,33.13%,10.63%,8.75%,5.63%,5.63%,5.00%,6.25%,7.50%,6.25%,7.50%,7.50%,21.25%,6.88%,6.88%,5.00%,5.63%,6.88%,3.75%,5.00%,5.00%,6.25%,4.38%,20.00%,18.75%,13.75%,12.50%,13.13%,11.25%,9.38%,434,16,44.00%,12.00%,12.00%,12.00%,12.00%,16.00%,4.00%,16.00%,8.00%,8.00%,4.00%,28.00%,4.00%,4.00%,0.00%,0.00%,0.00%,0.00%,4.00%,4.00%,4.00%,4.00%,16.00%,24.00%,20.00%,20.00%,12.00%,16.00%,20.00%
08-Oct-19,"1,919",72,41.22%,8.40%,7.63%,8.40%,6.87%,6.11%,7.63%,8.40%,6.11%,3.82%,5.34%,29.01%,6.11%,5.34%,3.82%,3.82%,4.58%,4.58%,4.58%,4.58%,3.82%,3.05%,16.03%,16.79%,15.27%,12.98%,11.45%,9.92%,8.40%,406,7,23.08%,0.00%,7.69%,7.69%,7.69%,7.69%,7.69%,7.69%,7.69%,0.00%,7.69%,7.69%,15.38%,7.69%,7.69%,0.00%,7.69%,7.69%,7.69%,15.38%,7.69%,0.00%,7.69%,0.00%,7.69%,7.69%,0.00%,7.69%,7.69%
09-Oct-19,"1,853",61,38.97%,9.56%,8.82%,9.56%,8.09%,7.35%,5.15%,7.35%,6.62%,7.35%,7.35%,33.09%,4.41%,6.62%,5.88%,3.68%,5.88%,6.62%,6.62%,5.15%,2.94%,4.41%,21.32%,13.24%,17.65%,12.50%,9.56%,11.03%,8.82%,362,28,22.22%,5.56%,5.56%,5.56%,11.11%,11.11%,5.56%,5.56%,5.56%,5.56%,5.56%,22.22%,5.56%,0.00%,0.00%,0.00%,0.00%,0.00%,0.00%,0.00%,0.00%,5.56%,11.11%,16.67%,11.11%,16.67%,5.56%,5.56%,5.56%
10-Oct-19,"1,844",46,38.41%,12.58%,11.92%,12.58%,9.93%,12.58%,10.60%,9.93%,7.95%,9.93%,10.60%,24.50%,9.93%,8.61%,9.27%,8.61%,9.27%,8.61%,9.27%,7.28%,6.62%,6.62%,27.81%,17.88%,22.52%,18.54%,15.89%,15.89%,11.26%,350,25,30.77%,0.00%,0.00%,7.69%,0.00%,0.00%,0.00%,0.00%,0.00%,0.00%,0.00%,15.38%,0.00%,0.00%,0.00%,0.00%,0.00%,0.00%,0.00%,0.00%,0.00%,0.00%,7.69%,15.38%,0.00%,0.00%,0.00%,7.69%,0.00%
11-Oct-19,"1,767",71,38.60%,12.87%,11.11%,13.45%,12.87%,12.87%,11.11%,9.94%,11.11%,12.87%,13.45%,31.58%,8.19%,8.77%,8.19%,7.02%,8.19%,8.77%,5.85%,5.85%,5.85%,4.68%,28.07%,22.22%,16.37%,18.71%,16.37%,14.62%,12.87%,338,23,33.33%,14.29%,4.76%,9.52%,4.76%,0.00%,4.76%,9.52%,4.76%,14.29%,0.00%,23.81%,0.00%,0.00%,0.00%,0.00%,0.00%,0.00%,4.76%,0.00%,0.00%,4.76%,14.29%,9.52%,9.52%,14.29%,28.57%,9.52%,9.52%
12-Oct-19,"1,694",72,38.30%,11.35%,13.48%,8.51%,9.93%,5.67%,8.51%,7.09%,9.22%,8.51%,7.09%,24.82%,4.96%,4.96%,7.09%,4.96%,4.96%,7.09%,6.38%,7.09%,8.51%,5.67%,18.44%,16.31%,14.18%,12.77%,12.06%,16.31%,10.64%,340,22,29.41%,11.76%,11.76%,11.76%,17.65%,11.76%,11.76%,5.88%,11.76%,0.00%,5.88%,23.53%,0.00%,5.88%,0.00%,0.00%,0.00%,0.00%,0.00%,0.00%,0.00%,0.00%,17.65%,23.53%,17.65%,17.65%,17.65%,11.76%,11.76%
13-Oct-19,"1,695",88,40.36%,12.05%,12.05%,9.04%,10.84%,9.04%,5.42%,7.83%,7.23%,4.22%,4.22%,26.51%,4.82%,7.23%,4.82%,6.02%,4.82%,4.22%,3.01%,4.82%,6.02%,1.81%,27.11%,16.87%,16.87%,14.46%,14.46%,12.05%,12.05%,303,21,23.53%,0.00%,0.00%,5.88%,0.00%,0.00%,5.88%,0.00%,5.88%,5.88%,5.88%,23.53%,5.88%,5.88%,0.00%,0.00%,0.00%,0.00%,0.00%,0.00%,0.00%,0.00%,5.88%,11.76%,11.76%,5.88%,5.88%,0.00%,0.00%
14-Oct-19,"1,675",93,44.38%,13.13%,11.25%,10.63%,10.63%,9.38%,12.50%,10.00%,10.00%,8.75%,6.88%,31.25%,6.88%,8.13%,8.13%,6.25%,8.13%,5.63%,5.00%,4.38%,5.63%,3.75%,23.75%,21.88%,16.88%,16.25%,13.13%,11.88%,10.00%,318,17,39.13%,13.04%,8.70%,13.04%,17.39%,13.04%,17.39%,17.39%,13.04%,13.04%,13.04%,39.13%,13.04%,13.04%,13.04%,8.70%,8.70%,8.70%,8.70%,8.70%,8.70%,8.70%,34.78%,21.74%,17.39%,8.70%,13.04%,13.04%,13.04%
15-Oct-19,"1,674",102,37.06%,10.59%,8.82%,10.00%,10.00%,10.00%,7.06%,8.24%,8.24%,8.24%,5.88%,29.41%,5.29%,5.88%,7.06%,6.47%,7.06%,4.71%,4.71%,7.06%,5.29%,4.12%,18.24%,19.41%,19.41%,15.88%,13.53%,12.94%,8.24%,304,16,57.89%,26.32%,21.05%,15.79%,10.53%,15.79%,21.05%,21.05%,5.26%,10.53%,10.53%,31.58%,15.79%,10.53%,0.00%,0.00%,5.26%,5.26%,5.26%,5.26%,10.53%,10.53%,36.84%,26.32%,26.32%,26.32%,21.05%,26.32%,15.79%
16-Oct-19,"1,668",143,41.52%,7.02%,7.60%,8.19%,9.36%,7.02%,7.02%,7.60%,7.02%,8.19%,7.60%,26.32%,5.85%,7.02%,6.43%,5.85%,6.43%,4.09%,5.26%,6.43%,4.09%,5.26%,21.64%,15.79%,14.04%,12.87%,14.04%,14.04%,10.53%,298,15,30.43%,17.39%,17.39%,4.35%,8.70%,8.70%,13.04%,13.04%,13.04%,13.04%,4.35%,21.74%,13.04%,8.70%,8.70%,17.39%,8.70%,4.35%,8.70%,13.04%,8.70%,8.70%,17.39%,21.74%,21.74%,21.74%,13.04%,17.39%,8.70%
17-Oct-19,"1,611",89,38.85%,14.39%,12.23%,13.67%,13.67%,10.07%,12.23%,10.79%,8.63%,10.07%,7.19%,31.65%,9.35%,7.19%,6.47%,5.76%,5.76%,7.91%,8.63%,6.47%,3.60%,3.60%,20.86%,23.02%,17.27%,16.55%,15.83%,15.83%,13.67%,282,15,36.84%,0.00%,5.26%,15.79%,10.53%,15.79%,10.53%,10.53%,5.26%,0.00%,5.26%,15.79%,5.26%,5.26%,5.26%,5.26%,5.26%,0.00%,5.26%,0.00%,5.26%,0.00%,15.79%,21.05%,15.79%,21.05%,21.05%,10.53%,0.00%
18-Oct-19,"1,582",138,34.11%,12.40%,7.75%,7.75%,6.98%,7.75%,7.75%,6.20%,5.43%,6.20%,3.88%,24.03%,0.78%,5.43%,3.10%,3.88%,3.10%,0.78%,1.55%,3.10%,3.10%,2.33%,19.38%,18.60%,13.95%,13.95%,13.95%,14.73%,8.53%,311,17,13.33%,0.00%,0.00%,6.67%,0.00%,6.67%,0.00%,6.67%,0.00%,0.00%,6.67%,6.67%,0.00%,6.67%,0.00%,0.00%,6.67%,0.00%,6.67%,0.00%,0.00%,0.00%,0.00%,13.33%,0.00%,6.67%,0.00%,0.00%,6.67%
19-Oct-19,"1,468",80,43.65%,11.90%,15.08%,11.90%,11.11%,9.52%,8.73%,10.32%,7.94%,5.56%,4.76%,28.57%,1.59%,3.17%,4.76%,0.00%,4.76%,3.97%,3.97%,3.17%,2.38%,4.76%,27.78%,26.19%,17.46%,17.46%,19.84%,17.46%,12.70%,275,5,33.33%,19.05%,14.29%,14.29%,19.05%,14.29%,4.76%,4.76%,4.76%,4.76%,4.76%,4.76%,4.76%,9.52%,9.52%,4.76%,9.52%,9.52%,4.76%,4.76%,4.76%,0.00%,4.76%,14.29%,9.52%,19.05%,9.52%,19.05%,14.29%
20-Oct-19,"1,552",127,43.31%,8.28%,8.92%,8.92%,9.55%,9.55%,5.73%,5.73%,5.10%,6.37%,2.55%,29.30%,1.27%,2.55%,2.55%,3.18%,2.55%,2.55%,2.55%,1.91%,3.18%,3.18%,26.75%,21.02%,17.20%,13.38%,15.92%,12.10%,10.19%,276,6,35.00%,15.00%,15.00%,15.00%,15.00%,10.00%,10.00%,10.00%,0.00%,0.00%,0.00%,25.00%,10.00%,10.00%,5.00%,5.00%,10.00%,5.00%,5.00%,10.00%,5.00%,5.00%,15.00%,15.00%,25.00%,15.00%,10.00%,10.00%,15.00%
21-Oct-19,"1,450",136,52.48%,20.79%,17.82%,17.82%,11.88%,14.85%,11.88%,14.85%,12.87%,10.89%,10.89%,38.61%,11.88%,11.88%,8.91%,9.90%,5.94%,8.91%,8.91%,10.89%,8.91%,10.89%,30.69%,27.72%,28.71%,24.75%,24.75%,20.79%,22.77%,272,10,31.58%,21.05%,21.05%,10.53%,21.05%,10.53%,10.53%,15.79%,10.53%,10.53%,15.79%,31.58%,10.53%,10.53%,10.53%,10.53%,10.53%,5.26%,5.26%,5.26%,5.26%,0.00%,21.05%,21.05%,15.79%,26.32%,15.79%,10.53%,15.79%
22-Oct-19,"1,465",99,45.45%,11.57%,10.74%,9.92%,9.92%,12.40%,9.09%,9.09%,9.92%,11.57%,6.61%,31.40%,5.79%,7.44%,4.96%,8.26%,4.96%,6.61%,5.79%,8.26%,4.96%,4.96%,24.79%,23.14%,22.31%,21.49%,16.53%,16.53%,14.05%,264,23,41.67%,25.00%,33.33%,16.67%,16.67%,16.67%,0.00%,0.00%,8.33%,8.33%,8.33%,25.00%,0.00%,0.00%,0.00%,8.33%,0.00%,0.00%,8.33%,0.00%,0.00%,0.00%,33.33%,25.00%,33.33%,16.67%,25.00%,33.33%,16.67%
23-Oct-19,"1,561",102,37.69%,9.23%,10.77%,12.31%,10.00%,11.54%,6.15%,6.92%,6.15%,6.92%,7.69%,30.77%,8.46%,4.62%,3.85%,3.85%,3.08%,6.15%,0.77%,3.85%,2.31%,3.08%,21.54%,19.23%,20.00%,14.62%,13.85%,12.31%,13.08%,273,5,52.94%,23.53%,11.76%,17.65%,11.76%,11.76%,11.76%,17.65%,11.76%,11.76%,11.76%,41.18%,11.76%,11.76%,17.65%,11.76%,11.76%,11.76%,11.76%,11.76%,5.88%,17.65%,17.65%,17.65%,29.41%,23.53%,23.53%,17.65%,17.65%
24-Oct-19,"1,495",138,47.97%,13.82%,10.57%,9.76%,10.57%,11.38%,6.50%,7.32%,7.32%,9.76%,7.32%,36.59%,4.88%,5.69%,4.07%,4.88%,5.69%,5.69%,6.50%,3.25%,6.50%,5.69%,28.46%,29.27%,19.51%,23.58%,17.07%,17.07%,15.45%,284,18,29.41%,5.88%,0.00%,5.88%,5.88%,0.00%,5.88%,5.88%,5.88%,5.88%,5.88%,23.53%,11.76%,0.00%,5.88%,5.88%,5.88%,5.88%,5.88%,0.00%,5.88%,5.88%,11.76%,5.88%,5.88%,5.88%,0.00%,17.65%,0.00%
25-Oct-19,"1,438",101,48.78%,18.70%,13.82%,12.20%,17.07%,13.82%,14.63%,13.01%,11.38%,11.38%,9.76%,43.09%,7.32%,12.20%,8.13%,9.76%,6.50%,8.94%,6.50%,7.32%,7.32%,5.69%,30.08%,26.02%,23.58%,17.89%,21.95%,16.26%,17.89%,264,15,20.00%,10.00%,10.00%,5.00%,5.00%,5.00%,0.00%,5.00%,5.00%,5.00%,10.00%,25.00%,5.00%,0.00%,5.00%,0.00%,5.00%,5.00%,5.00%,10.00%,0.00%,5.00%,10.00%,15.00%,10.00%,10.00%,15.00%,10.00%,10.00%
26-Oct-19,"1,411",99,39.69%,16.79%,13.74%,15.27%,12.98%,15.27%,12.98%,12.98%,14.50%,12.98%,12.21%,30.53%,11.45%,9.16%,10.69%,8.40%,9.16%,8.40%,9.16%,9.16%,9.16%,9.16%,26.72%,26.72%,24.43%,17.56%,20.61%,15.27%,16.79%,245,7,50.00%,4.55%,9.09%,4.55%,9.09%,4.55%,4.55%,4.55%,4.55%,4.55%,4.55%,22.73%,4.55%,4.55%,4.55%,9.09%,9.09%,4.55%,9.09%,9.09%,4.55%,4.55%,9.09%,13.64%,13.64%,9.09%,13.64%,13.64%,13.64%
27-Oct-19,"1,413",135,46.61%,14.41%,17.80%,16.95%,15.25%,12.71%,12.71%,14.41%,11.02%,11.02%,8.47%,37.29%,9.32%,8.47%,7.63%,8.47%,9.32%,7.63%,9.32%,11.86%,9.32%,9.32%,27.97%,29.66%,25.42%,24.58%,16.95%,21.19%,20.34%,259,15,26.32%,15.79%,21.05%,15.79%,15.79%,10.53%,10.53%,15.79%,15.79%,10.53%,5.26%,36.84%,10.53%,0.00%,15.79%,5.26%,10.53%,10.53%,15.79%,15.79%,10.53%,5.26%,36.84%,26.32%,31.58%,26.32%,26.32%,10.53%,21.05%
28-Oct-19,"1,422",104,36.84%,14.91%,12.28%,13.16%,12.28%,8.77%,7.89%,9.65%,7.02%,6.14%,5.26%,30.70%,5.26%,7.02%,6.14%,3.51%,3.51%,4.39%,3.51%,5.26%,3.51%,3.51%,24.56%,21.05%,20.18%,19.30%,14.91%,16.67%,11.40%,247,8,35.29%,17.65%,17.65%,23.53%,11.76%,17.65%,17.65%,11.76%,17.65%,17.65%,11.76%,35.29%,11.76%,17.65%,17.65%,17.65%,17.65%,17.65%,17.65%,11.76%,5.88%,11.76%,23.53%,17.65%,17.65%,11.76%,17.65%,17.65%,11.76%
29-Oct-19,"1,410",115,45.38%,12.31%,10.77%,10.77%,12.31%,9.23%,7.69%,8.46%,9.23%,6.92%,6.15%,28.46%,6.15%,6.15%,4.62%,6.15%,5.38%,6.92%,7.69%,6.15%,5.38%,6.92%,17.69%,20.77%,17.69%,15.38%,16.15%,14.62%,14.62%,245,5,27.78%,0.00%,0.00%,0.00%,0.00%,0.00%,0.00%,5.56%,5.56%,5.56%,0.00%,11.11%,0.00%,0.00%,0.00%,0.00%,0.00%,5.56%,0.00%,0.00%,0.00%,0.00%,11.11%,5.56%,5.56%,5.56%,0.00%,5.56%,0.00%
30-Oct-19,"1,399",134,39.25%,9.35%,9.35%,11.21%,7.48%,6.54%,6.54%,5.61%,9.35%,6.54%,4.67%,27.10%,5.61%,7.48%,5.61%,4.67%,5.61%,6.54%,7.48%,5.61%,6.54%,5.61%,20.56%,24.30%,16.82%,14.95%,14.95%,13.08%,8.41%,242,13,42.86%,0.00%,7.14%,0.00%,7.14%,0.00%,0.00%,0.00%,7.14%,7.14%,0.00%,21.43%,7.14%,0.00%,0.00%,0.00%,0.00%,0.00%,0.00%,7.14%,0.00%,0.00%,14.29%,7.14%,7.14%,0.00%,0.00%,7.14%,0.00%
31-Oct-19,"1,327",116,45.30%,16.24%,17.09%,12.82%,14.53%,9.40%,11.11%,6.84%,9.40%,10.26%,11.11%,39.32%,7.69%,7.69%,5.13%,7.69%,6.84%,7.69%,9.40%,7.69%,5.98%,4.27%,30.77%,22.22%,23.93%,18.80%,19.66%,17.95%,11.97%,230,16,36.36%,18.18%,18.18%,18.18%,18.18%,18.18%,9.09%,18.18%,18.18%,18.18%,18.18%,45.45%,9.09%,9.09%,9.09%,9.09%,9.09%,9.09%,9.09%,9.09%,9.09%,9.09%,27.27%,27.27%,27.27%,36.36%,27.27%,27.27%,18.18%
01-Nov-19,"1,304",126,46.28%,13.22%,15.70%,9.92%,9.92%,9.92%,10.74%,9.09%,10.74%,9.92%,11.57%,30.58%,10.74%,10.74%,9.92%,11.57%,8.26%,10.74%,10.74%,9.92%,9.09%,8.26%,21.49%,23.14%,19.83%,18.18%,16.53%,14.88%,14.05%,218,10,35.71%,14.29%,14.29%,14.29%,28.57%,21.43%,7.14%,14.29%,21.43%,21.43%,14.29%,21.43%,14.29%,28.57%,14.29%,21.43%,14.29%,21.43%,21.43%,14.29%,14.29%,14.29%,35.71%,21.43%,14.29%,7.14%,35.71%,7.14%,7.14%
02-Nov-19,"1,304",123,45.83%,10.00%,7.50%,7.50%,9.17%,10.83%,7.50%,6.67%,9.17%,7.50%,6.67%,29.17%,7.50%,6.67%,11.67%,10.83%,10.83%,6.67%,10.83%,7.50%,9.17%,10.00%,30.00%,20.00%,16.67%,19.17%,18.33%,13.33%,15.00%,214,19,22.22%,11.11%,0.00%,11.11%,11.11%,11.11%,0.00%,0.00%,11.11%,11.11%,0.00%,22.22%,11.11%,11.11%,11.11%,0.00%,0.00%,0.00%,0.00%,0.00%,0.00%,0.00%,22.22%,33.33%,33.33%,22.22%,0.00%,0.00%,0.00%
03-Nov-19,"1,343",119,38.24%,10.29%,8.09%,7.35%,5.88%,8.09%,3.68%,6.62%,5.15%,4.41%,4.41%,22.06%,5.88%,4.41%,3.68%,4.41%,4.41%,3.68%,5.15%,2.94%,4.41%,2.94%,19.85%,16.91%,13.24%,11.76%,11.03%,9.56%,11.03%,219,22,33.33%,0.00%,5.56%,0.00%,0.00%,0.00%,0.00%,0.00%,0.00%,0.00%,5.56%,16.67%,0.00%,0.00%,0.00%,0.00%,5.56%,5.56%,0.00%,0.00%,0.00%,0.00%,11.11%,11.11%,5.56%,11.11%,5.56%,5.56%,0.00%
04-Nov-19,"1,285",96,33.64%,11.21%,10.28%,10.28%,6.54%,11.21%,9.35%,6.54%,5.61%,4.67%,8.41%,26.17%,9.35%,11.21%,5.61%,8.41%,6.54%,7.48%,8.41%,5.61%,8.41%,5.61%,18.69%,19.63%,15.89%,17.76%,16.82%,14.95%,12.15%,222,8,30.00%,10.00%,10.00%,5.00%,10.00%,10.00%,10.00%,5.00%,5.00%,5.00%,5.00%,20.00%,5.00%,5.00%,5.00%,5.00%,10.00%,10.00%,5.00%,5.00%,5.00%,5.00%,15.00%,25.00%,20.00%,10.00%,15.00%,10.00%,10.00%
05-Nov-19,"1,263",151,44.55%,13.86%,8.91%,7.92%,6.93%,9.90%,12.87%,8.91%,8.91%,11.88%,12.87%,33.66%,9.90%,10.89%,7.92%,7.92%,9.90%,5.94%,6.93%,11.88%,6.93%,3.96%,26.73%,23.76%,19.80%,18.81%,11.88%,14.85%,11.88%,204,13,25.00%,0.00%,0.00%,0.00%,0.00%,0.00%,0.00%,0.00%,0.00%,0.00%,0.00%,12.50%,0.00%,0.00%,0.00%,0.00%,0.00%,0.00%,0.00%,0.00%,0.00%,0.00%,12.50%,25.00%,0.00%,12.50%,12.50%,0.00%,0.00%
06-Nov-19,"1,187",104,44.35%,8.70%,8.70%,12.17%,6.09%,8.70%,9.57%,7.83%,6.09%,8.70%,10.43%,27.83%,9.57%,6.09%,8.70%,6.96%,6.09%,3.48%,4.35%,8.70%,5.22%,4.35%,25.22%,23.48%,20.87%,14.78%,14.78%,13.04%,10.43%,175,13,69.23%,23.08%,15.38%,15.38%,15.38%,15.38%,15.38%,7.69%,15.38%,15.38%,7.69%,46.15%,15.38%,15.38%,7.69%,7.69%,7.69%,7.69%,7.69%,7.69%,7.69%,7.69%,38.46%,30.77%,30.77%,23.08%,23.08%,23.08%,23.08%
07-Nov-19,"1,173",145,44.95%,22.02%,20.18%,21.10%,22.94%,17.43%,18.35%,17.43%,17.43%,16.51%,14.68%,30.28%,11.01%,14.68%,12.84%,16.51%,16.51%,11.93%,10.09%,15.60%,12.84%,11.93%,28.44%,23.85%,21.10%,23.85%,20.18%,23.85%,19.27%,195,4,47.06%,0.00%,0.00%,0.00%,5.88%,0.00%,0.00%,0.00%,5.88%,5.88%,0.00%,5.88%,0.00%,0.00%,0.00%,0.00%,0.00%,0.00%,0.00%,0.00%,5.88%,0.00%,23.53%,5.88%,17.65%,5.88%,0.00%,5.88%,0.00%
08-Nov-19,"1,198",125,33.05%,10.17%,9.32%,6.78%,7.63%,9.32%,9.32%,8.47%,5.08%,7.63%,5.93%,28.81%,5.93%,4.24%,3.39%,1.69%,4.24%,5.08%,3.39%,3.39%,4.24%,2.54%,16.10%,16.10%,16.10%,16.10%,15.25%,9.32%,7.63%,220,7,55.56%,0.00%,5.56%,5.56%,5.56%,11.11%,11.11%,0.00%,0.00%,0.00%,5.56%,27.78%,5.56%,11.11%,11.11%,5.56%,5.56%,5.56%,5.56%,0.00%,5.56%,5.56%,16.67%,11.11%,22.22%,27.78%,11.11%,11.11%,16.67%
09-Nov-19,"1,184",131,34.97%,6.99%,8.39%,6.29%,7.69%,8.39%,6.99%,6.99%,7.69%,8.39%,7.69%,25.87%,5.59%,7.69%,8.39%,6.99%,6.99%,4.90%,6.99%,3.50%,4.90%,5.59%,25.17%,18.18%,16.08%,15.38%,11.19%,6.99%,4.20%,219,4,45.00%,10.00%,15.00%,10.00%,15.00%,10.00%,5.00%,0.00%,10.00%,5.00%,5.00%,15.00%,5.00%,5.00%,0.00%,0.00%,0.00%,0.00%,0.00%,0.00%,0.00%,0.00%,25.00%,25.00%,20.00%,20.00%,5.00%,10.00%,5.00%
10-Nov-19,"1,220",127,46.67%,11.11%,10.37%,17.04%,14.07%,11.11%,10.37%,12.59%,11.11%,14.07%,9.63%,37.04%,10.37%,9.63%,7.41%,8.89%,5.93%,8.15%,8.15%,7.41%,8.15%,7.41%,31.11%,28.15%,23.70%,16.30%,20.00%,18.52%,13.33%,203,29,35.29%,23.53%,17.65%,17.65%,29.41%,17.65%,11.76%,5.88%,5.88%,11.76%,5.88%,35.29%,5.88%,5.88%,0.00%,11.76%,5.88%,11.76%,11.76%,5.88%,5.88%,5.88%,35.29%,35.29%,29.41%,35.29%,35.29%,23.53%,11.76%
11-Nov-19,"1,158",198,42.42%,13.13%,14.14%,17.17%,19.19%,16.16%,14.14%,14.14%,11.11%,10.10%,12.12%,37.37%,9.09%,10.10%,7.07%,7.07%,7.07%,6.06%,5.05%,4.04%,4.04%,5.05%,29.29%,24.24%,17.17%,18.18%,17.17%,20.20%,21.21%,200,11,47.62%,14.29%,14.29%,14.29%,9.52%,9.52%,9.52%,9.52%,4.76%,9.52%,4.76%,47.62%,4.76%,4.76%,9.52%,9.52%,4.76%,4.76%,9.52%,9.52%,9.52%,4.76%,19.05%,23.81%,14.29%,9.52%,14.29%,14.29%,9.52%
12-Nov-19,"1,128",169,47.83%,10.87%,13.04%,15.22%,10.87%,9.78%,8.70%,9.78%,5.43%,6.52%,7.61%,28.26%,5.43%,4.35%,4.35%,4.35%,3.26%,3.26%,5.43%,4.35%,4.35%,4.35%,29.35%,25.00%,18.48%,16.30%,17.39%,13.04%,14.13%,195,6,42.11%,5.26%,5.26%,5.26%,10.53%,5.26%,0.00%,5.26%,5.26%,5.26%,5.26%,26.32%,0.00%,5.26%,0.00%,0.00%,0.00%,5.26%,0.00%,10.53%,10.53%,10.53%,21.05%,10.53%,0.00%,10.53%,10.53%,5.26%,5.26%
13-Nov-19,"1,108",176,34.78%,8.70%,7.61%,6.52%,5.43%,7.61%,6.52%,6.52%,5.43%,7.61%,8.70%,28.26%,6.52%,5.43%,6.52%,4.35%,4.35%,5.43%,4.35%,5.43%,7.61%,6.52%,15.22%,15.22%,16.30%,13.04%,11.96%,13.04%,5.43%,217,21,36.36%,4.55%,0.00%,0.00%,9.09%,9.09%,4.55%,9.09%,9.09%,4.55%,0.00%,36.36%,0.00%,0.00%,4.55%,0.00%,0.00%,0.00%,0.00%,0.00%,4.55%,4.55%,18.18%,4.55%,9.09%,13.64%,13.64%,9.09%,9.09%
14-Nov-19,"1,060",138,44.90%,13.27%,13.27%,11.22%,10.20%,9.18%,9.18%,11.22%,9.18%,6.12%,7.14%,36.73%,5.10%,5.10%,6.12%,2.04%,5.10%,3.06%,5.10%,3.06%,3.06%,2.04%,24.49%,19.39%,18.37%,16.33%,13.27%,13.27%,13.27%,208,7,36.00%,4.00%,12.00%,4.00%,8.00%,12.00%,8.00%,8.00%,4.00%,4.00%,4.00%,20.00%,0.00%,8.00%,8.00%,0.00%,4.00%,4.00%,4.00%,0.00%,4.00%,4.00%,16.00%,20.00%,16.00%,12.00%,16.00%,12.00%,8.00%
15-Nov-19,"1,074",146,35.16%,7.69%,12.09%,9.89%,9.89%,10.99%,8.79%,9.89%,7.69%,9.89%,5.49%,27.47%,5.49%,8.79%,3.30%,6.59%,5.49%,5.49%,4.40%,4.40%,5.49%,4.40%,28.57%,14.29%,13.19%,10.99%,10.99%,14.29%,12.09%,211,6,42.11%,13.16%,5.26%,5.26%,18.42%,5.26%,5.26%,0.00%,5.26%,10.53%,5.26%,26.32%,2.63%,7.89%,5.26%,5.26%,7.89%,5.26%,2.63%,0.00%,0.00%,2.63%,28.95%,26.32%,26.32%,18.42%,15.79%,7.89%,13.16%
16-Nov-19,"1,036",161,36.46%,7.29%,10.42%,7.29%,11.46%,10.42%,11.46%,7.29%,7.29%,6.25%,5.21%,33.33%,6.25%,10.42%,10.42%,5.21%,4.17%,3.13%,5.21%,5.21%,5.21%,2.08%,14.58%,18.75%,17.71%,12.50%,14.58%,11.46%,9.38%,217,7,39.39%,6.06%,3.03%,6.06%,3.03%,0.00%,0.00%,9.09%,3.03%,3.03%,0.00%,18.18%,3.03%,3.03%,3.03%,6.06%,3.03%,0.00%,3.03%,0.00%,0.00%,3.03%,21.21%,15.15%,12.12%,15.15%,12.12%,9.09%,9.09%
17-Nov-19,"1,077",128,41.59%,22.12%,18.58%,18.58%,16.81%,15.04%,12.39%,10.62%,13.27%,9.73%,8.85%,37.17%,9.73%,9.73%,8.85%,9.73%,10.62%,9.73%,10.62%,10.62%,10.62%,10.62%,32.74%,26.55%,20.35%,23.01%,24.78%,23.01%,18.58%,224,53,43.75%,12.50%,12.50%,18.75%,8.33%,10.42%,6.25%,12.50%,10.42%,12.50%,10.42%,33.33%,6.25%,8.33%,6.25%,6.25%,6.25%,10.42%,4.17%,4.17%,4.17%,4.17%,31.25%,29.17%,25.00%,18.75%,16.67%,16.67%,14.58%
18-Nov-19,"1,068",124,37.74%,12.26%,12.26%,8.49%,7.55%,7.55%,5.66%,5.66%,9.43%,5.66%,5.66%,22.64%,6.60%,6.60%,2.83%,4.72%,4.72%,7.55%,3.77%,6.60%,5.66%,2.83%,25.47%,18.87%,23.58%,20.75%,15.09%,16.04%,14.15%,213,36,32.14%,3.57%,10.71%,10.71%,7.14%,7.14%,10.71%,7.14%,10.71%,7.14%,7.14%,21.43%,3.57%,3.57%,7.14%,7.14%,7.14%,7.14%,7.14%,7.14%,7.14%,7.14%,14.29%,21.43%,17.86%,10.71%,7.14%,3.57%,7.14%
19-Nov-19,"1,060",125,36.75%,9.40%,12.82%,11.97%,8.55%,5.98%,9.40%,5.13%,5.13%,6.84%,6.84%,31.62%,8.55%,5.98%,6.84%,5.13%,5.98%,5.98%,6.84%,7.69%,5.98%,4.27%,26.50%,18.80%,18.80%,18.80%,14.53%,11.97%,11.97%,263,110,45.28%,7.55%,7.55%,11.32%,11.32%,5.66%,7.55%,5.66%,3.77%,5.66%,7.55%,37.74%,7.55%,5.66%,3.77%,5.66%,5.66%,3.77%,5.66%,5.66%,5.66%,1.89%,18.87%,18.87%,9.43%,13.21%,9.43%,15.09%,9.43%
20-Nov-19,"1,118",127,34.78%,11.59%,13.04%,9.18%,11.11%,9.66%,9.18%,8.70%,7.73%,9.18%,7.25%,25.12%,6.28%,6.76%,5.31%,6.28%,5.80%,4.35%,4.35%,3.38%,4.35%,5.31%,24.15%,16.43%,13.04%,16.91%,12.56%,13.53%,14.49%,292,52,50.75%,7.46%,11.94%,8.96%,10.45%,8.96%,7.46%,8.96%,5.97%,4.48%,5.97%,35.82%,7.46%,5.97%,7.46%,7.46%,5.97%,5.97%,8.96%,4.48%,5.97%,7.46%,31.34%,29.85%,14.93%,13.43%,7.46%,7.46%,5.97%
21-Nov-19,"1,493",104,28.99%,9.78%,7.79%,9.60%,8.33%,8.70%,8.33%,6.52%,6.52%,5.80%,6.70%,21.92%,5.98%,5.07%,5.25%,4.53%,5.80%,3.99%,2.90%,4.71%,3.44%,2.72%,17.21%,15.76%,15.76%,14.31%,13.77%,11.23%,10.87%,296,57,45.16%,11.29%,16.13%,14.52%,16.13%,17.74%,12.90%,12.90%,11.29%,8.06%,12.90%,33.87%,9.68%,9.68%,11.29%,9.68%,9.68%,11.29%,12.90%,11.29%,6.45%,4.84%,20.97%,17.74%,20.97%,22.58%,11.29%,14.52%,19.35%
22-Nov-19,"2,011",92,29.68%,7.17%,6.61%,6.83%,6.38%,6.49%,6.16%,4.93%,4.59%,6.05%,3.92%,22.40%,3.92%,4.70%,3.81%,3.36%,3.70%,3.14%,2.80%,3.25%,3.14%,2.58%,16.35%,14.11%,12.21%,10.53%,9.52%,8.96%,7.95%,313,62,49.23%,10.77%,9.23%,10.77%,13.85%,9.23%,10.77%,7.69%,7.69%,9.23%,6.15%,33.85%,4.62%,6.15%,4.62%,7.69%,7.69%,7.69%,7.69%,4.62%,6.15%,6.15%,23.08%,24.62%,20.00%,13.85%,12.31%,12.31%,13.85%
23-Nov-19,"2,502",67,30.50%,7.96%,6.88%,6.79%,5.97%,7.15%,5.43%,6.15%,4.80%,4.25%,4.89%,19.00%,4.34%,4.89%,4.43%,3.62%,3.44%,3.44%,3.17%,3.17%,2.90%,2.17%,14.66%,11.86%,11.49%,11.95%,10.59%,9.41%,7.06%,321,59,39.68%,11.11%,9.52%,7.94%,6.35%,14.29%,12.70%,11.11%,7.94%,6.35%,9.52%,33.33%,9.52%,7.94%,9.52%,6.35%,6.35%,9.52%,4.76%,6.35%,6.35%,7.94%,22.22%,22.22%,19.05%,17.46%,12.70%,20.63%,17.46%
24-Nov-19,"2,739",96,26.49%,7.70%,7.52%,7.79%,6.78%,6.23%,6.05%,6.42%,6.05%,5.22%,5.87%,18.97%,4.77%,4.86%,4.86%,4.49%,4.40%,4.12%,3.67%,3.76%,3.67%,3.39%,15.31%,14.57%,14.12%,11.27%,10.27%,9.44%,8.71%,273,43,58.06%,12.90%,16.13%,12.90%,19.35%,16.13%,12.90%,9.68%,12.90%,6.45%,6.45%,45.16%,9.68%,9.68%,9.68%,6.45%,6.45%,12.90%,3.23%,9.68%,9.68%,9.68%,29.03%,32.26%,29.03%,12.90%,12.90%,9.68%,16.13%
25-Nov-19,"2,770",83,28.39%,8.81%,7.51%,6.49%,7.24%,7.70%,6.12%,6.12%,6.22%,5.75%,5.84%,20.32%,6.03%,5.38%,5.10%,4.64%,4.64%,4.55%,3.62%,4.27%,3.62%,2.50%,16.88%,15.21%,13.82%,12.34%,10.30%,10.39%,9.55%,251,48,48.15%,18.52%,14.81%,11.11%,7.41%,7.41%,7.41%,11.11%,7.41%,7.41%,11.11%,29.63%,11.11%,11.11%,14.81%,14.81%,11.11%,11.11%,11.11%,11.11%,11.11%,7.41%,25.93%,18.52%,22.22%,29.63%,22.22%,18.52%,18.52%
26-Nov-19,"2,954",59,26.21%,8.55%,7.28%,7.73%,6.73%,7.01%,6.10%,6.28%,6.19%,7.55%,6.46%,21.20%,4.46%,4.19%,4.09%,4.28%,4.09%,3.28%,3.82%,3.82%,3.37%,2.18%,15.20%,13.74%,12.65%,9.74%,10.28%,8.83%,8.74%,266,79,54.55%,6.06%,12.12%,9.09%,3.03%,6.06%,6.06%,3.03%,3.03%,3.03%,0.00%,24.24%,6.06%,3.03%,3.03%,3.03%,3.03%,3.03%,0.00%,3.03%,0.00%,0.00%,21.21%,15.15%,21.21%,15.15%,15.15%,15.15%,15.15%
27-Nov-19,"2,945",94,23.69%,6.22%,6.91%,6.22%,5.63%,5.53%,5.23%,4.74%,3.55%,4.64%,4.44%,17.97%,2.96%,3.85%,4.05%,2.86%,2.86%,2.47%,2.96%,2.76%,2.37%,1.38%,12.93%,12.73%,10.27%,10.76%,8.19%,7.21%,7.40%,265,27,38.89%,16.67%,16.67%,13.89%,13.89%,16.67%,13.89%,8.33%,11.11%,13.89%,8.33%,30.56%,2.78%,11.11%,2.78%,5.56%,5.56%,5.56%,8.33%,5.56%,2.78%,5.56%,22.22%,27.78%,16.67%,27.78%,19.44%,13.89%,19.44%
28-Nov-19,"3,076",77,25.12%,8.69%,7.74%,7.18%,8.50%,7.18%,6.99%,7.27%,6.61%,5.29%,5.95%,19.45%,5.85%,5.57%,5.67%,5.48%,4.82%,4.63%,4.82%,4.53%,2.93%,3.02%,15.77%,15.20%,11.43%,11.99%,11.43%,10.86%,9.82%,257,13,23.53%,2.94%,5.88%,2.94%,2.94%,5.88%,2.94%,0.00%,2.94%,2.94%,2.94%,32.35%,2.94%,0.00%,0.00%,0.00%,0.00%,0.00%,0.00%,5.88%,2.94%,0.00%,14.71%,14.71%,5.88%,8.82%,5.88%,2.94%,5.88%
29-Nov-19,"3,343",85,25.97%,6.35%,5.84%,6.85%,6.35%,6.77%,6.26%,5.25%,5.16%,4.74%,5.08%,17.26%,4.74%,3.89%,4.15%,3.72%,4.23%,4.15%,3.30%,2.88%,2.96%,2.62%,12.94%,12.27%,11.08%,9.98%,9.98%,8.63%,8.88%,302,35,30.68%,6.82%,4.55%,5.68%,6.82%,4.55%,2.27%,2.27%,3.41%,5.68%,2.27%,23.86%,5.68%,4.55%,3.41%,3.41%,5.68%,3.41%,3.41%,3.41%,3.41%,4.55%,15.91%,17.05%,14.77%,10.23%,9.09%,4.55%,4.55%
30-Nov-19,"3,668",79,28.06%,8.62%,6.98%,7.19%,7.19%,7.26%,6.62%,5.34%,5.63%,6.34%,5.77%,17.38%,5.20%,5.41%,4.77%,3.99%,4.77%,4.49%,4.84%,3.99%,3.99%,3.85%,13.96%,12.18%,11.18%,10.68%,9.47%,9.47%,8.83%,309,34,47.31%,18.28%,12.90%,16.13%,17.20%,11.83%,12.90%,16.13%,12.90%,9.68%,12.90%,35.48%,11.83%,13.98%,10.75%,8.60%,9.68%,9.68%,6.45%,8.60%,7.53%,9.68%,32.26%,27.96%,24.73%,23.66%,20.43%,18.28%,17.20%
